date,ticker,ar,car
2021-03-16,ADANIPORTS.NS,-0.005637964366885169,-0.005637964366885169
2021-03-17,ADANIPORTS.NS,-0.03121198631150208,-0.03684995067838725
2021-03-18,ADANIPORTS.NS,-0.004252378231517497,-0.04110232890990474
2021-03-19,ADANIPORTS.NS,-0.009999887470606404,-0.05110221638051114
2021-03-22,ADANIPORTS.NS,0.0464813332939694,-0.004620883086541745
2021-03-23,ADANIPORTS.NS,0.011817709984065798,0.007196826897524053
2021-03-24,ADANIPORTS.NS,-0.027449356552582814,-0.020252529655058762
2021-03-25,ADANIPORTS.NS,-0.01320327277884921,-0.03345580243390797
2021-03-26,ADANIPORTS.NS,0.0016743833711338682,-0.031781419062774104
2021-03-29,ADANIPORTS.NS,-0.004767833275978983,-0.036549252338753085
2021-03-30,ADANIPORTS.NS,-0.02114196901660232,-0.057691221355355406
2021-03-31,ADANIPORTS.NS,-0.004046736760999896,-0.0617379581163553
2021-04-01,ADANIPORTS.NS,0.02828565793314143,-0.03345230018321387
2021-04-02,ADANIPORTS.NS,-0.004767833275978983,-0.038220133459192854
2021-04-05,ADANIPORTS.NS,0.021590945527277885,-0.01662918793191497
2021-04-06,ADANIPORTS.NS,0.10998180505682116,0.0933526171249062
2021-04-07,ADANIPORTS.NS,-0.04074979391283431,0.05260282321207189
2021-04-08,ADANIPORTS.NS,0.00098370965429353,0.053586532866365416
2021-04-09,ADANIPORTS.NS,-0.0009650487858154644,0.05262148408054995
2021-04-12,ADANIPORTS.NS,-0.06337460678877832,-0.010753122708228369
2021-04-13,ADANIPORTS.NS,-0.038986448308879526,-0.049739571017107895
2021-04-14,ADANIPORTS.NS,-0.004767833275978983,-0.05450740429308688
2021-04-15,ADANIPORTS.NS,0.015111038674704712,-0.03939636561838217
2021-04-16,ADANIPORTS.NS,-0.0008506370219613672,-0.04024700264034353
2021-04-19,ADANIPORTS.NS,-0.030668563584092756,-0.07091556622443629
2021-04-20,ADANIPORTS.NS,-0.0003024122275319665,-0.07121797845196826
2021-03-16,ASIANPAINT.NS,0.04845785969622602,0.04845785969622602
2021-03-17,ASIANPAINT.NS,-0.0085486813442658,0.03990917835196022
2021-03-18,ASIANPAINT.NS,0.0012708115645375436,0.04117998991649777
2021-03-19,ASIANPAINT.NS,-0.006541365446813297,0.03463862446968447
2021-03-22,ASIANPAINT.NS,0.006741244708417142,0.041379869178101616
2021-03-23,ASIANPAINT.NS,-0.010042751766126281,0.03133711741197533
2021-03-24,ASIANPAINT.NS,0.027867009576220354,0.05920412698819569
2021-03-25,ASIANPAINT.NS,-0.00482601966262706,0.05437810732556863
2021-03-26,ASIANPAINT.NS,0.03268026508144097,0.0870583724070096
2021-03-29,ASIANPAINT.NS,0.00037298408158547284,0.08743135648859507
2021-03-30,ASIANPAINT.NS,0.011490719826949766,0.09892207631554484
2021-03-31,ASIANPAINT.NS,-0.0075409157786326085,0.09138116053691223
2021-04-01,ASIANPAINT.NS,-0.0031101361715580693,0.08827102436535415
2021-04-02,ASIANPAINT.NS,0.00037298408158547284,0.08864400844693962
2021-04-05,ASIANPAINT.NS,-0.003989187359257313,0.08465482108768231
2021-04-06,ASIANPAINT.NS,0.037415585809629885,0.12207040689731219
2021-04-07,ASIANPAINT.NS,-0.0001519665584573341,0.12191844033885485
2021-04-08,ASIANPAINT.NS,0.005912174284613554,0.1278306146234684
2021-04-09,ASIANPAINT.NS,-0.005142846243906185,0.12268776837956222
2021-04-12,ASIANPAINT.NS,0.016890075535520074,0.1395778439150823
2021-04-13,ASIANPAINT.NS,-0.022082475976536214,0.11749536793854608
2021-04-14,ASIANPAINT.NS,0.00037298408158547284,0.11786835202013154
2021-04-15,ASIANPAINT.NS,0.002941881708350615,0.12081023372848217
2021-04-16,ASIANPAINT.NS,0.02741684783227875,0.14822708156076092
2021-04-19,ASIANPAINT.NS,-0.021086759221830877,0.12714032233893005
2021-04-20,ASIANPAINT.NS,-0.0033899157619232765,0.12375040657700677
2021-03-16,AXISBANK.NS,-0.008230693366060889,-0.008230693366060889
2021-03-17,AXISBANK.NS,0.0016757636883597549,-0.006554929677701134
2021-03-18,AXISBANK.NS,0.00046315454585725037,-0.006091775131843884
2021-03-19,AXISBANK.NS,-0.006369243680311571,-0.012461018812155455
2021-03-22,AXISBANK.NS,-0.014144348159457252,-0.026605366971612705
2021-03-23,AXISBANK.NS,0.012349876349146652,-0.014255490622466054
2021-03-24,AXISBANK.NS,-0.011860065263465159,-0.026115555885931212
2021-03-25,AXISBANK.NS,0.0017537954136943971,-0.024361760472236815
2021-03-26,AXISBANK.NS,-0.011513658233604285,-0.0358754187058411
2021-03-29,AXISBANK.NS,-0.0008545336307303259,-0.03672995233657143
2021-03-30,AXISBANK.NS,-0.03374072878512552,-0.07047068112169694
2021-03-31,AXISBANK.NS,0.015240587908546582,-0.05523009321315035
2021-04-01,AXISBANK.NS,0.006242790074347596,-0.04898730313880276
2021-04-02,AXISBANK.NS,-0.0008545336307303259,-0.049841836769533084
2021-04-05,AXISBANK.NS,-0.021085987042938476,-0.07092782381247156
2021-04-06,AXISBANK.NS,-0.015538113558875952,-0.08646593737134751
2021-04-07,AXISBANK.NS,0.002802047322131315,-0.0836638900492162
2021-04-08,AXISBANK.NS,-0.015177210686726797,-0.098841100735943
2021-04-09,AXISBANK.NS,-0.017429550295048588,-0.11627065103099159
2021-04-12,AXISBANK.NS,-0.005880126085923122,-0.12215077711691472
2021-04-13,AXISBANK.NS,0.021484674379285557,-0.10066610273762916
2021-04-14,AXISBANK.NS,-0.0008545336307303259,-0.10152063636835948
2021-04-15,AXISBANK.NS,0.0043578817135629935,-0.09716275465479648
2021-04-16,AXISBANK.NS,-0.003450356188887847,-0.10061311084368434
2021-04-19,AXISBANK.NS,-0.010503253960660201,-0.11111636480434453
2021-04-20,AXISBANK.NS,0.010189464795804615,-0.10092690000853992
2021-03-16,BAJAJ-AUTO.NS,-0.004686482455100857,-0.004686482455100857
2021-03-17,BAJAJ-AUTO.NS,-0.019872520393792587,-0.024559002848893445
2021-03-18,BAJAJ-AUTO.NS,0.029088722535387256,0.004529719686493811
2021-03-19,BAJAJ-AUTO.NS,-0.01256656721764646,-0.00803684753115265
2021-03-22,BAJAJ-AUTO.NS,0.0017541574022437076,-0.006282690128908941
2021-03-23,BAJAJ-AUTO.NS,-0.0013554367250033141,-0.007638126853912255
2021-03-24,BAJAJ-AUTO.NS,-0.014376266760361089,-0.022014393614273344
2021-03-25,BAJAJ-AUTO.NS,-0.0237427442265968,-0.04575713784087014
2021-03-26,BAJAJ-AUTO.NS,0.019137716955642484,-0.026619420885227656
2021-03-29,BAJAJ-AUTO.NS,-0.0025126209423815523,-0.029132041827609208
2021-03-30,BAJAJ-AUTO.NS,0.004775516830947773,-0.024356524996661435
2021-03-31,BAJAJ-AUTO.NS,0.0035724054048966915,-0.020784119591764745
2021-04-01,BAJAJ-AUTO.NS,0.011291749942595904,-0.00949236964916884
2021-04-02,BAJAJ-AUTO.NS,-0.0025126209423815523,-0.012004990591550392
2021-04-05,BAJAJ-AUTO.NS,-0.034422345569516254,-0.046427336161066646
2021-04-06,BAJAJ-AUTO.NS,0.0007032522853474632,-0.04572408387571918
2021-04-07,BAJAJ-AUTO.NS,0.010810518262162817,-0.034913565613556366
2021-04-08,BAJAJ-AUTO.NS,-0.012578609109204678,-0.047492174722761044
2021-04-09,BAJAJ-AUTO.NS,-0.000842294528975448,-0.04833446925173649
2021-04-12,BAJAJ-AUTO.NS,-0.015911822981982834,-0.06424629223371933
2021-04-13,BAJAJ-AUTO.NS,0.008224597392388362,-0.056021694841330974
2021-04-14,BAJAJ-AUTO.NS,-0.0025126209423815523,-0.05853431578371253
2021-04-15,BAJAJ-AUTO.NS,-0.006419291540776228,-0.06495360732448875
2021-04-16,BAJAJ-AUTO.NS,0.006563527412396714,-0.05839007991209204
2021-04-19,BAJAJ-AUTO.NS,-0.027262742255502178,-0.08565282216759422
2021-04-20,BAJAJ-AUTO.NS,0.023588891374793232,-0.06206393079280099
2021-03-16,BAJFINANCE.NS,0.005355026488515122,0.005355026488515122
2021-03-17,BAJFINANCE.NS,-0.0014815248417580223,0.0038735016467571
2021-03-18,BAJFINANCE.NS,0.016586107397720713,0.020459609044477814
2021-03-19,BAJFINANCE.NS,0.00019891548035425553,0.02065852452483207
2021-03-22,BAJFINANCE.NS,-0.01046493821751323,0.010193586307318842
2021-03-23,BAJFINANCE.NS,-0.007749819724867067,0.0024437665824517743
2021-03-24,BAJFINANCE.NS,0.0024076797806542836,0.004851446363106058
2021-03-25,BAJFINANCE.NS,-0.00880200175673666,-0.003950555393630602
2021-03-26,BAJFINANCE.NS,-0.0029657029580509447,-0.0069162583516815465
2021-03-29,BAJFINANCE.NS,0.0006917639486014513,-0.006224494403080095
2021-03-30,BAJFINANCE.NS,-0.025422697586985593,-0.03164719199006569
2021-03-31,BAJFINANCE.NS,0.0050227784177095496,-0.026624413572356138
2021-04-01,BAJFINANCE.NS,0.009550812795581214,-0.017073600776774923
2021-04-02,BAJFINANCE.NS,0.0006917639486014513,-0.01638183682817347
2021-04-05,BAJFINANCE.NS,-0.04081531651955179,-0.05719715334772526
2021-04-06,BAJFINANCE.NS,0.0030284764904458545,-0.054168676857279406
2021-04-07,BAJFINANCE.NS,0.006141891441353332,-0.048026785415926074
2021-04-08,BAJFINANCE.NS,-0.013235909784379166,-0.06126269520030524
2021-04-09,BAJFINANCE.NS,-0.027857292961262603,-0.08911998816156784
2021-04-12,BAJFINANCE.NS,-0.032390605335828535,-0.12151059349739637
2021-04-13,BAJFINANCE.NS,0.031373280635721895,-0.09013731286167448
2021-04-14,BAJFINANCE.NS,0.0006917639486014513,-0.08944554891307303
2021-04-15,BAJFINANCE.NS,-0.02033214961870136,-0.1097776985317744
2021-04-16,BAJFINANCE.NS,-0.01177727089467986,-0.12155496942645426
2021-04-19,BAJFINANCE.NS,-0.007630713347707773,-0.12918568277416204
2021-04-20,BAJFINANCE.NS,0.03555658556074222,-0.09362909721341982
2021-03-16,BAJAJFINSV.NS,-0.006184188550381382,-0.006184188550381382
2021-03-17,BAJAJFINSV.NS,0.006574009117195256,0.00038982056681387354
2021-03-18,BAJAJFINSV.NS,0.0038034396307372424,0.004193260197551116
2021-03-19,BAJAJFINSV.NS,-0.014413556658237466,-0.01022029646068635
2021-03-22,BAJAJFINSV.NS,-0.0029641150268628173,-0.013184411487549168
2021-03-23,BAJAJFINSV.NS,-0.006493479695797084,-0.01967789118334625
2021-03-24,BAJAJFINSV.NS,0.0004789934993429529,-0.019198897684003298
2021-03-25,BAJAJFINSV.NS,0.003385759486786658,-0.01581313819721664
2021-03-26,BAJAJFINSV.NS,0.028799985568856174,0.012986847371639534
2021-03-29,BAJAJFINSV.NS,9.492926035272825e-05,0.013081776631992262
2021-03-30,BAJAJFINSV.NS,-0.02452477460705857,-0.011442997975066307
2021-03-31,BAJAJFINSV.NS,0.030293417669676085,0.01885041969460978
2021-04-01,BAJAJFINSV.NS,-0.002173611439682364,0.016676808254927414
2021-04-02,BAJAJFINSV.NS,9.492926035272825e-05,0.016771737515280143
2021-04-05,BAJAJFINSV.NS,-0.012726515826983972,0.004045221688296172
2021-04-06,BAJAJFINSV.NS,0.00024644988837739523,0.004291671576673567
2021-04-07,BAJAJFINSV.NS,-0.009093337765152148,-0.004801666188478581
2021-04-08,BAJAJFINSV.NS,0.007564601856141365,0.002762935667662784
2021-04-09,BAJAJFINSV.NS,0.0006482242256105586,0.0034111598932733424
2021-04-12,BAJAJFINSV.NS,-0.005283059237120004,-0.0018718993438466614
2021-04-13,BAJAJFINSV.NS,0.05141603925667733,0.049544139912830666
2021-04-14,BAJAJFINSV.NS,9.492926035272825e-05,0.04963906917318339
2021-04-15,BAJAJFINSV.NS,-0.013240508467583059,0.03639856070560033
2021-04-16,BAJAJFINSV.NS,0.005724093423144495,0.04212265412874483
2021-04-19,BAJAJFINSV.NS,-0.014764060533312372,0.027358593595432457
2021-04-20,BAJAJFINSV.NS,0.04174668493146775,0.06910527852690021
2021-03-16,BHARTIARTL.NS,0.012401853677692316,0.012401853677692316
2021-03-17,BHARTIARTL.NS,-0.0009032643935479624,0.011498589284144354
2021-03-18,BHARTIARTL.NS,0.01790117016055649,0.029399759444700843
2021-03-19,BHARTIARTL.NS,-0.008188939516818327,0.021210819927882516
2021-03-22,BHARTIARTL.NS,-0.004281862757767187,0.01692895717011533
2021-03-23,BHARTIARTL.NS,-0.003861834336897901,0.01306712283321743
2021-03-24,BHARTIARTL.NS,0.00576008660286163,0.01882720943607906
2021-03-25,BHARTIARTL.NS,-0.016878545230184377,0.0019486642058946825
2021-03-26,BHARTIARTL.NS,0.01529574209438431,0.017244406300278993
2021-03-29,BHARTIARTL.NS,-0.0010944696693159306,0.016149936630963063
2021-03-30,BHARTIARTL.NS,-0.02528750621991252,-0.009137569588949457
2021-03-31,BHARTIARTL.NS,0.0009380831727674177,-0.008199486416182039
2021-04-01,BHARTIARTL.NS,-0.005919763210201379,-0.014119249626383418
2021-04-02,BHARTIARTL.NS,-0.0010944696693159306,-0.015213719295699348
2021-04-05,BHARTIARTL.NS,0.028168745925810118,0.01295502663011077
2021-04-06,BHARTIARTL.NS,0.00333832410221233,0.0162933507323231
2021-04-07,BHARTIARTL.NS,0.007520403747576766,0.023813754479899866
2021-04-08,BHARTIARTL.NS,-0.002082004691432086,0.02173174978846778
2021-04-09,BHARTIARTL.NS,0.005578587680544897,0.027310337469012676
2021-04-12,BHARTIARTL.NS,-0.00900202260031295,0.018308314868699726
2021-04-13,BHARTIARTL.NS,0.011758223509290507,0.030066538377990233
2021-04-14,BHARTIARTL.NS,-0.0010944696693159306,0.028972068708674303
2021-04-15,BHARTIARTL.NS,-0.0002446731494173916,0.02872739555925691
2021-04-16,BHARTIARTL.NS,-0.0009150931553794728,0.02781230240387744
2021-04-19,BHARTIARTL.NS,-0.010634029378600023,0.017178273025277416
2021-04-20,BHARTIARTL.NS,0.010262519700260184,0.0274407927255376
2021-03-16,BPCL.NS,-0.013991788451927657,-0.013991788451927657
2021-03-17,BPCL.NS,-0.037329219456380916,-0.05132100790830857
2021-03-18,BPCL.NS,-0.001661304232690234,-0.0529823121409988
2021-03-19,BPCL.NS,0.0010653417659413564,-0.05191697037505744
2021-03-22,BPCL.NS,0.014592903806483874,-0.037324066568573566
2021-03-23,BPCL.NS,-0.012277398358619962,-0.04960146492719353
2021-03-24,BPCL.NS,0.001964815624172344,-0.04763664930302118
2021-03-25,BPCL.NS,0.0003978585095496378,-0.04723879079347154
2021-03-26,BPCL.NS,-0.0005016908528713056,-0.04774048164634285
2021-03-29,BPCL.NS,-0.000585279329329311,-0.048325760975672157
2021-03-30,BPCL.NS,-0.0076499612841187635,-0.05597572225979092
2021-03-31,BPCL.NS,0.0029989709494655254,-0.05297675131032539
2021-04-01,BPCL.NS,0.009570467726026969,-0.043406283584298426
2021-04-02,BPCL.NS,-0.000585279329329311,-0.043991562913627734
2021-04-05,BPCL.NS,-0.006980800044941499,-0.05097236295856923
2021-04-06,BPCL.NS,-0.00351599350560376,-0.05448835646417299
2021-04-07,BPCL.NS,-0.00933549167671371,-0.06382384814088671
2021-04-08,BPCL.NS,0.0012824830138339497,-0.06254136512705276
2021-04-09,BPCL.NS,-0.009585224219809112,-0.07212658934686186
2021-04-12,BPCL.NS,-0.017633177719555464,-0.08975976706641733
2021-04-13,BPCL.NS,-0.0003481168223005669,-0.0901078838887179
2021-04-14,BPCL.NS,-0.000585279329329311,-0.09069316321804721
2021-04-15,BPCL.NS,-0.016913778954484385,-0.1076069421725316
2021-04-16,BPCL.NS,0.018843180954878337,-0.08876376121765325
2021-04-19,BPCL.NS,0.004572158956515266,-0.08419160226113799
2021-04-20,BPCL.NS,0.0021254769699863116,-0.08206612529115168
2021-03-16,BRITANNIA.NS,0.013556268777411513,0.013556268777411513
2021-03-17,BRITANNIA.NS,-0.0007242939974016569,0.012831974780009857
2021-03-18,BRITANNIA.NS,-0.0032228791700886997,0.009609095609921157
2021-03-19,BRITANNIA.NS,0.0065951680827388585,0.016204263692660016
2021-03-22,BRITANNIA.NS,0.030027177721431913,0.046231441414091926
2021-03-23,BRITANNIA.NS,0.001824605166685767,0.048056046580777695
2021-03-24,BRITANNIA.NS,-0.0018853534539657983,0.04617069312681189
2021-03-25,BRITANNIA.NS,-0.020811496933937027,0.025359196192874866
2021-03-26,BRITANNIA.NS,0.016290826198017173,0.041650022390892036
2021-03-29,BRITANNIA.NS,0.0020726283729639253,0.04372265076385596
2021-03-30,BRITANNIA.NS,0.027419008909590602,0.07114165967344656
2021-03-31,BRITANNIA.NS,0.007272959853070476,0.07841461952651703
2021-04-01,BRITANNIA.NS,-0.0028233617569293503,0.07559125776958768
2021-04-02,BRITANNIA.NS,0.0020726283729639253,0.07766388614255161
2021-04-05,BRITANNIA.NS,0.028459809727568418,0.10612369587012002
2021-04-06,BRITANNIA.NS,0.009409039485486213,0.11553273535560624
2021-04-07,BRITANNIA.NS,0.020378475971981468,0.1359112113275877
2021-04-08,BRITANNIA.NS,0.019683929331134557,0.15559514065872226
2021-04-09,BRITANNIA.NS,-0.0022537177746835097,0.15334142288403876
2021-04-12,BRITANNIA.NS,0.015317532295450484,0.16865895517948926
2021-04-13,BRITANNIA.NS,-0.0190676075316651,0.14959134764782417
2021-04-14,BRITANNIA.NS,0.0020726283729639253,0.1516639760207881
2021-04-15,BRITANNIA.NS,-0.013619461359698782,0.13804451466108933
2021-04-16,BRITANNIA.NS,0.002457205068112144,0.14050171972920147
2021-04-19,BRITANNIA.NS,0.019127039403287506,0.15962875913248897
2021-04-20,BRITANNIA.NS,-0.00024337712644244367,0.15938538200604652
2021-03-16,CIPLA.NS,-0.016312302528163455,-0.016312302528163455
2021-03-17,CIPLA.NS,-0.021207037933383438,-0.037519340461546896
2021-03-18,CIPLA.NS,-0.018313579688464282,-0.05583292015001118
2021-03-19,CIPLA.NS,0.002181909508024919,-0.05365101064198626
2021-03-22,CIPLA.NS,0.015834770163560937,-0.03781624047842533
2021-03-23,CIPLA.NS,0.0019199843035200758,-0.03589625617490525
2021-03-24,CIPLA.NS,0.028039099583866717,-0.007857156591038535
2021-03-25,CIPLA.NS,-0.0016077700344295804,-0.009464926625468115
2021-03-26,CIPLA.NS,-0.004800824687448424,-0.01426575131291654
2021-03-29,CIPLA.NS,-0.0002718636226898929,-0.014537614935606433
2021-03-30,CIPLA.NS,0.02197355452368388,0.007435939588077447
2021-03-31,CIPLA.NS,0.007244665023821479,0.014680604611898926
2021-04-01,CIPLA.NS,-0.0008721052524818034,0.013808499359417123
2021-04-02,CIPLA.NS,-0.0002718636226898929,0.01353663573672723
2021-04-05,CIPLA.NS,0.007380681613729867,0.0209173173504571
2021-04-06,CIPLA.NS,0.018358498913207916,0.03927581626366501
2021-04-07,CIPLA.NS,0.0018595094753000546,0.04113532573896506
2021-04-08,CIPLA.NS,-0.00029904936209080874,0.04083627637687425
2021-04-09,CIPLA.NS,0.048321204753529676,0.08915748113040392
2021-04-12,CIPLA.NS,0.034999524423371314,0.12415700555377523
2021-04-13,CIPLA.NS,-0.024606286731837963,0.09955071882193728
2021-04-14,CIPLA.NS,-0.0002718636226898929,0.09927885519924738
2021-04-15,CIPLA.NS,0.029971529019439433,0.12925038421868681
2021-04-16,CIPLA.NS,0.02453953407012639,0.1537899182888132
2021-04-19,CIPLA.NS,0.015226705497851874,0.16901662378666507
2021-04-20,CIPLA.NS,0.004556693678655128,0.1735733174653202
2021-03-16,COALINDIA.NS,-0.006012890633141846,-0.006012890633141846
2021-03-17,COALINDIA.NS,-0.02640141723905604,-0.03241430787219789
2021-03-18,COALINDIA.NS,-0.007373717135573868,-0.03978802500777175
2021-03-19,COALINDIA.NS,-0.01837390473983711,-0.058161929747608865
2021-03-22,COALINDIA.NS,-0.003411502216398329,-0.06157343196400719
2021-03-23,COALINDIA.NS,-0.00785725115378367,-0.06943068311779087
2021-03-24,COALINDIA.NS,-0.00175366149512474,-0.0711843446129156
2021-03-25,COALINDIA.NS,-0.014681825436245122,-0.08586617004916072
2021-03-26,COALINDIA.NS,-0.001187235035172268,-0.08705340508433299
2021-03-29,COALINDIA.NS,0.0008129077347154175,-0.08624049734961757
2021-03-30,COALINDIA.NS,0.0015160028603792286,-0.08472449448923834
2021-03-31,COALINDIA.NS,-0.007664555849962522,-0.09238905033920086
2021-04-01,COALINDIA.NS,0.0016402192694578033,-0.09074883106974306
2021-04-02,COALINDIA.NS,0.0008129077347154175,-0.08993592333502765
2021-04-05,COALINDIA.NS,-0.00035336103786616155,-0.09028928437289381
2021-04-06,COALINDIA.NS,0.0012965942719847627,-0.08899269010090904
2021-04-07,COALINDIA.NS,-0.0018300562758648015,-0.09082274637677384
2021-04-08,COALINDIA.NS,-0.00011992927339621318,-0.09094267565017006
2021-04-09,COALINDIA.NS,-0.012826112687068878,-0.10376878833723893
2021-04-12,COALINDIA.NS,0.0018189585354759924,-0.10194982980176294
2021-04-13,COALINDIA.NS,0.012023912302950069,-0.08992591749881287
2021-04-14,COALINDIA.NS,0.0008129077347154175,-0.08911300976409746
2021-04-15,COALINDIA.NS,-0.00252770836631568,-0.09164071813041313
2021-04-16,COALINDIA.NS,-0.004999151515115313,-0.09663986964552845
2021-04-19,COALINDIA.NS,-0.00570685108231523,-0.10234672072784368
2021-04-20,COALINDIA.NS,0.004754571049291931,-0.09759214967855175
2021-03-16,DIVISLAB.NS,-0.00566455861888736,-0.00566455861888736
2021-03-17,DIVISLAB.NS,0.015274534836896447,0.009609976218009087
2021-03-18,DIVISLAB.NS,-0.018008795443009644,-0.008398819225000556
2021-03-19,DIVISLAB.NS,0.01958620762817262,0.011187388403172063
2021-03-22,DIVISLAB.NS,0.01375836820332476,0.024945756606496824
2021-03-23,DIVISLAB.NS,0.023607625247108414,0.048553381853605235
2021-03-24,DIVISLAB.NS,0.016224802684029885,0.06477818453763512
2021-03-25,DIVISLAB.NS,0.009060708865864426,0.07383889340349954
2021-03-26,DIVISLAB.NS,-0.005420724696641599,0.06841816870685795
2021-03-29,DIVISLAB.NS,0.0027302668577532316,0.07114843556461117
2021-03-30,DIVISLAB.NS,0.013991895879412304,0.08514033144402347
2021-03-31,DIVISLAB.NS,0.023688834008736934,0.1088291654527604
2021-04-01,DIVISLAB.NS,-0.010851166036713952,0.09797799941604646
2021-04-02,DIVISLAB.NS,0.0027302668577532316,0.1007082662737997
2021-04-05,DIVISLAB.NS,0.01660335788961719,0.1173116241634169
2021-04-06,DIVISLAB.NS,0.020783887100233992,0.13809551126365088
2021-04-07,DIVISLAB.NS,-0.003350164836340222,0.13474534642731067
2021-04-08,DIVISLAB.NS,0.0034811545302876824,0.13822650095759836
2021-04-09,DIVISLAB.NS,0.015267004336514484,0.15349350529411285
2021-04-12,DIVISLAB.NS,0.04527432945858557,0.1987678347526984
2021-04-13,DIVISLAB.NS,-0.026808654686301683,0.1719591800663967
2021-04-14,DIVISLAB.NS,0.0027302668577532316,0.17468944692414995
2021-04-15,DIVISLAB.NS,0.014873982300735056,0.189563429224885
2021-04-16,DIVISLAB.NS,0.010395014219801954,0.19995844344468697
2021-04-19,DIVISLAB.NS,0.016366494979151342,0.21632493842383832
2021-04-20,DIVISLAB.NS,-0.00017436193172859146,0.21615057649210973
2021-03-16,DRREDDY.NS,0.02655488272631743,0.02655488272631743
2021-03-17,DRREDDY.NS,-0.01416297615634755,0.012391906569969881
2021-03-18,DRREDDY.NS,-0.02695319280934335,-0.014561286239373469
2021-03-19,DRREDDY.NS,0.010513580546911486,-0.004047705692461982
2021-03-22,DRREDDY.NS,0.020204829227368246,0.016157123534906264
2021-03-23,DRREDDY.NS,0.0034174798659966027,0.019574603400902866
2021-03-24,DRREDDY.NS,0.004495999775013823,0.024070603175916687
2021-03-25,DRREDDY.NS,0.015259094505195749,0.039329697681112434
2021-03-26,DRREDDY.NS,0.001790215346060109,0.04111991302717254
2021-03-29,DRREDDY.NS,0.0015504896695166814,0.04267040269668922
2021-03-30,DRREDDY.NS,0.016594387225435044,0.059264789922124264
2021-03-31,DRREDDY.NS,0.00565218991450943,0.06491697983663369
2021-04-01,DRREDDY.NS,0.012045673246555366,0.07696265308318906
2021-04-02,DRREDDY.NS,0.0015504896695166814,0.07851314275270574
2021-04-05,DRREDDY.NS,0.0015887472359230066,0.08010188998862874
2021-04-06,DRREDDY.NS,0.013837875082339269,0.09393976507096802
2021-04-07,DRREDDY.NS,0.01328247262274378,0.1072222376937118
2021-04-08,DRREDDY.NS,-0.0008354372624505084,0.10638680043126128
2021-04-09,DRREDDY.NS,0.01778200064981465,0.12416880108107593
2021-04-12,DRREDDY.NS,0.06585249148121546,0.1900212925622914
2021-04-13,DRREDDY.NS,-0.04931153938340987,0.1407097531788815
2021-04-14,DRREDDY.NS,0.0015504896695166814,0.1422602428483982
2021-04-15,DRREDDY.NS,0.013422471164323475,0.15568271401272166
2021-04-16,DRREDDY.NS,0.01025224337883218,0.16593495739155384
2021-04-19,DRREDDY.NS,0.02455901086447094,0.19049396825602477
2021-04-20,DRREDDY.NS,0.04075098096838452,0.2312449492244093
2021-03-16,EICHERMOT.NS,-0.00022860470447136306,-0.00022860470447136306
2021-03-17,EICHERMOT.NS,0.008136944377347912,0.007908339672876548
2021-03-18,EICHERMOT.NS,0.01859280943069742,0.02650114910357397
2021-03-19,EICHERMOT.NS,-0.011028309103449613,0.015472840000124357
2021-03-22,EICHERMOT.NS,0.007977699624009058,0.023450539624133415
2021-03-23,EICHERMOT.NS,0.006535093109038835,0.02998563273317225
2021-03-24,EICHERMOT.NS,0.002584097283866389,0.03256973001703864
2021-03-25,EICHERMOT.NS,-0.014630231398322875,0.017939498618715764
2021-03-26,EICHERMOT.NS,-0.01755715205856052,0.0003823465601552438
2021-03-29,EICHERMOT.NS,0.0017553312304853293,0.002137677790640573
2021-03-30,EICHERMOT.NS,0.011243109089210182,0.013380786879850755
2021-03-31,EICHERMOT.NS,-0.0024137839315334364,0.010967002948317319
2021-04-01,EICHERMOT.NS,0.0012159545550750172,0.012182957503392336
2021-04-02,EICHERMOT.NS,0.0017553312304853293,0.013938288733877665
2021-04-05,EICHERMOT.NS,-0.028288612997450092,-0.014350324263572427
2021-04-06,EICHERMOT.NS,-0.01332621243231941,-0.02767653669589184
2021-04-07,EICHERMOT.NS,0.013890766811958213,-0.013785769883933626
2021-04-08,EICHERMOT.NS,0.004196741578923505,-0.00958902830501012
2021-04-09,EICHERMOT.NS,-0.008222114282973203,-0.017811142587983324
2021-04-12,EICHERMOT.NS,-0.003510186580339081,-0.021321329168322405
2021-04-13,EICHERMOT.NS,0.016530706010063474,-0.004790623158258931
2021-04-14,EICHERMOT.NS,0.0017553312304853293,-0.0030352919277736017
2021-04-15,EICHERMOT.NS,-0.036187320674936935,-0.03922261260271054
2021-04-16,EICHERMOT.NS,0.008655556601951386,-0.030567056000759152
2021-04-19,EICHERMOT.NS,-0.008781980417266987,-0.03934903641802614
2021-04-20,EICHERMOT.NS,-0.007107132788479763,-0.0464561692065059
2021-03-16,GRASIM.NS,-0.001253652321625971,-0.001253652321625971
2021-03-17,GRASIM.NS,-0.0028727543283317593,-0.00412640664995773
2021-03-18,GRASIM.NS,0.023224928921508403,0.019098522271550674
2021-03-19,GRASIM.NS,0.0014410391261287844,0.020539561397679457
2021-03-22,GRASIM.NS,-0.0004166056826676338,0.020122955715011822
2021-03-23,GRASIM.NS,-0.009899157958316192,0.01022379775669563
2021-03-24,GRASIM.NS,-0.0018628084869881534,0.008360989269707476
2021-03-25,GRASIM.NS,0.001720700548364467,0.010081689818071943
2021-03-26,GRASIM.NS,0.008385481325137889,0.01846717114320983
2021-03-29,GRASIM.NS,-0.0028003289627559296,0.015666842180453902
2021-03-30,GRASIM.NS,-0.013450266231591394,0.002216575948862508
2021-03-31,GRASIM.NS,0.026954363249694573,0.02917093919855708
2021-04-01,GRASIM.NS,-0.01185403445146956,0.017316904747087518
2021-04-02,GRASIM.NS,-0.0028003289627559296,0.014516575784331588
2021-04-05,GRASIM.NS,0.007010494475281157,0.021527070259612743
2021-04-06,GRASIM.NS,-0.015561313601216632,0.005965756658396111
2021-04-07,GRASIM.NS,-0.008471375737631804,-0.0025056190792356933
2021-04-08,GRASIM.NS,0.0007764889782491706,-0.0017291301009865227
2021-04-09,GRASIM.NS,-0.005619752360574094,-0.007348882461560616
2021-04-12,GRASIM.NS,-0.012402797525642682,-0.0197516799872033
2021-04-13,GRASIM.NS,-0.004794444279871565,-0.024546124267074865
2021-04-14,GRASIM.NS,-0.0028003289627559296,-0.027346453229830793
2021-04-15,GRASIM.NS,-0.0393277685574031,-0.0666742217872339
2021-04-16,GRASIM.NS,-0.0023329048215735768,-0.06900712660880748
2021-04-19,GRASIM.NS,-0.006519581992963748,-0.07552670860177123
2021-04-20,GRASIM.NS,-0.02353808046569369,-0.09906478906746492
2021-03-16,HCLTECH.NS,0.015557437938119943,0.015557437938119943
2021-03-17,HCLTECH.NS,-0.00966698226142018,0.005890455676699763
2021-03-18,HCLTECH.NS,-0.032177725809321885,-0.026287270132622123
2021-03-19,HCLTECH.NS,0.0023651862133827074,-0.023922083919239417
2021-03-22,HCLTECH.NS,0.018896732829922807,-0.0050253510893166105
2021-03-23,HCLTECH.NS,-0.002660971739684115,-0.0076863228290007255
2021-03-24,HCLTECH.NS,0.009273066787815795,0.0015867439588150697
2021-03-25,HCLTECH.NS,-0.0067528054913273804,-0.005166061532512311
2021-03-26,HCLTECH.NS,-0.009335723036183977,-0.014501784568696288
2021-03-29,HCLTECH.NS,-0.0004051864509893725,-0.01490697101968566
2021-03-30,HCLTECH.NS,0.018623804605025975,0.0037168335853403137
2021-03-31,HCLTECH.NS,-0.005024830607577418,-0.0013079970222371045
2021-04-01,HCLTECH.NS,0.009777530337776584,0.00846953331553948
2021-04-02,HCLTECH.NS,-0.0004051864509893725,0.008064346864550107
2021-04-05,HCLTECH.NS,0.04285813242963115,0.050922479294181255
2021-04-06,HCLTECH.NS,-0.007938088100081068,0.04298439119410019
2021-04-07,HCLTECH.NS,0.0004919807910253177,0.04347637198512551
2021-04-08,HCLTECH.NS,-0.00317541252478104,0.04030095946034447
2021-04-09,HCLTECH.NS,0.009356075962149737,0.04965703542249421
2021-04-12,HCLTECH.NS,-0.0056125452183795575,0.04404449020411465
2021-04-13,HCLTECH.NS,-0.03767143205625779,0.00637305814785686
2021-04-14,HCLTECH.NS,-0.0004051864509893725,0.005967871696867487
2021-04-15,HCLTECH.NS,0.003828824776160299,0.009796696473027786
2021-04-16,HCLTECH.NS,0.018328864702948925,0.028125561175976713
2021-04-19,HCLTECH.NS,-0.0036932070581388535,0.02443235411783786
2021-04-20,HCLTECH.NS,-0.030808737084672706,-0.006376382966834845
2021-03-16,HDFCBANK.NS,-0.007994940999412095,-0.007994940999412095
2021-03-17,HDFCBANK.NS,0.0048012986689843495,-0.003193642330427746
2021-03-18,HDFCBANK.NS,0.0112319935804981,0.008038351250070354
2021-03-19,HDFCBANK.NS,-0.008753624094063623,-0.0007152728439932688
2021-03-22,HDFCBANK.NS,-0.01712448526600612,-0.01783975810999939
2021-03-23,HDFCBANK.NS,0.01622828198798024,-0.0016114761220191488
2021-03-24,HDFCBANK.NS,0.007696909153447187,0.0060854330314280385
2021-03-25,HDFCBANK.NS,0.008648399452162964,0.014733832483591003
2021-03-26,HDFCBANK.NS,0.005877004324679953,0.020610836808270958
2021-03-29,HDFCBANK.NS,0.0014001148689479408,0.0220109516772189
2021-03-30,HDFCBANK.NS,0.01611599433991388,0.038126946017132776
2021-03-31,HDFCBANK.NS,-0.02608168511961679,0.012045260897515987
2021-04-01,HDFCBANK.NS,-0.016874304147316693,-0.004829043249800706
2021-04-02,HDFCBANK.NS,0.0014001148689479408,-0.0034289283808527655
2021-04-05,HDFCBANK.NS,-0.006142551878243155,-0.00957148025909592
2021-04-06,HDFCBANK.NS,-0.008629214100095525,-0.018200694359191444
2021-04-07,HDFCBANK.NS,-0.004275315576375843,-0.02247600993556729
2021-04-08,HDFCBANK.NS,-0.012809620234939735,-0.035285630170507024
2021-04-09,HDFCBANK.NS,-0.0033485893685015096,-0.03863421953900853
2021-04-12,HDFCBANK.NS,0.0032205129499378454,-0.035413706589070684
2021-04-13,HDFCBANK.NS,0.010096631213619674,-0.025317075375451012
2021-04-14,HDFCBANK.NS,0.0014001148689479408,-0.02391696050650307
2021-04-15,HDFCBANK.NS,0.016405893256263796,-0.0075110672502392735
2021-04-16,HDFCBANK.NS,-0.002460287993641355,-0.009971355243880629
2021-04-19,HDFCBANK.NS,0.010319390348551859,0.00034803510467123003
2021-04-20,HDFCBANK.NS,-0.008556698675851739,-0.008208663571180509
2021-03-16,HEROMOTOCO.NS,-0.0020166304414006046,-0.0020166304414006046
2021-03-17,HEROMOTOCO.NS,-0.010875804646723438,-0.012892435088124043
2021-03-18,HEROMOTOCO.NS,-0.018498733069683037,-0.031391168157807084
2021-03-19,HEROMOTOCO.NS,-0.005564235848628082,-0.03695540400643517
2021-03-22,HEROMOTOCO.NS,-0.007277157688923207,-0.04423256169535838
2021-03-23,HEROMOTOCO.NS,-0.013230035970920252,-0.057462597666278634
2021-03-24,HEROMOTOCO.NS,0.0019870773116684327,-0.0554755203546102
2021-03-25,HEROMOTOCO.NS,-0.019697064038013953,-0.07517258439262416
2021-03-26,HEROMOTOCO.NS,-0.01067371231327537,-0.08584629670589952
2021-03-29,HEROMOTOCO.NS,-0.0001543741710496783,-0.0860006708769492
2021-03-30,HEROMOTOCO.NS,-0.008081043601712645,-0.09408171447866184
2021-03-31,HEROMOTOCO.NS,-0.009643674666976954,-0.1037253891456388
2021-04-01,HEROMOTOCO.NS,0.005626617414057292,-0.0980987717315815
2021-04-02,HEROMOTOCO.NS,-0.0001543741710496783,-0.09825314590263118
2021-04-05,HEROMOTOCO.NS,-0.012515851367391856,-0.11076899727002304
2021-04-06,HEROMOTOCO.NS,-0.0020598496242769776,-0.11282884689430002
2021-04-07,HEROMOTOCO.NS,0.01156388393002717,-0.10126496296427284
2021-04-08,HEROMOTOCO.NS,-0.007472706326448612,-0.10873766929072146
2021-04-09,HEROMOTOCO.NS,-0.0034162780947270006,-0.11215394738544845
2021-04-12,HEROMOTOCO.NS,-0.018482067532244194,-0.13063601491769264
2021-04-13,HEROMOTOCO.NS,0.018092034856086594,-0.11254398006160604
2021-04-14,HEROMOTOCO.NS,-0.0001543741710496783,-0.11269835423265571
2021-04-15,HEROMOTOCO.NS,-0.004968473710737298,-0.11766682794339302
2021-04-16,HEROMOTOCO.NS,0.009251581455787215,-0.10841524648760581
2021-04-19,HEROMOTOCO.NS,-0.02566039119783145,-0.13407563768543726
2021-04-20,HEROMOTOCO.NS,0.016651327557200397,-0.11742431012823687
2021-03-16,HINDALCO.NS,0.0007244317057317608,0.0007244317057317608
2021-03-17,HINDALCO.NS,-0.004596280552453081,-0.0038718488467213204
2021-03-18,HINDALCO.NS,0.03206324528468156,0.028191396437960238
2021-03-19,HINDALCO.NS,-0.011214120627059423,0.016977275810900815
2021-03-22,HINDALCO.NS,0.013033596054812205,0.03001087186571302
2021-03-23,HINDALCO.NS,-0.03368761762148809,-0.003676745755775073
2021-03-24,HINDALCO.NS,-0.01667144615743573,-0.020348191913210804
2021-03-25,HINDALCO.NS,0.010536903419358559,-0.009811288493852245
2021-03-26,HINDALCO.NS,0.019997018685511733,0.010185730191659487
2021-03-29,HINDALCO.NS,-0.0015415547529763981,0.008644175438683089
2021-03-30,HINDALCO.NS,-0.039594383812176163,-0.030950208373493077
2021-03-31,HINDALCO.NS,0.016245201577383794,-0.014705006796109282
2021-04-01,HINDALCO.NS,0.04919499060932245,0.034489983813213165
2021-04-02,HINDALCO.NS,-0.0015415547529763981,0.03294842906023677
2021-04-05,HINDALCO.NS,0.02356515898646913,0.0565135880467059
2021-04-06,HINDALCO.NS,-0.006912857860642239,0.04960073018606366
2021-04-07,HINDALCO.NS,-0.010713297884497791,0.03888743230156587
2021-04-08,HINDALCO.NS,0.029024729145439236,0.0679121614470051
2021-04-09,HINDALCO.NS,-0.008931794018016465,0.058980367428988635
2021-04-12,HINDALCO.NS,-0.017460277011667427,0.04152009041732121
2021-04-13,HINDALCO.NS,0.014225706131004868,0.05574579654832608
2021-04-14,HINDALCO.NS,-0.0015415547529763981,0.05420424179534968
2021-04-15,HINDALCO.NS,0.004153819365062724,0.05835806116041241
2021-04-16,HINDALCO.NS,0.04009658627172454,0.09845464743213694
2021-04-19,HINDALCO.NS,0.002409814977070452,0.10086446240920739
2021-04-20,HINDALCO.NS,-0.00045260761331177707,0.10041185479589562
2021-03-16,HINDUNILVR.NS,0.015550414466346085,0.015550414466346085
2021-03-17,HINDUNILVR.NS,-0.0039912928928364875,0.011559121573509598
2021-03-18,HINDUNILVR.NS,-0.0015089963753354791,0.01005012519817412
2021-03-19,HINDUNILVR.NS,0.0394155452193207,0.04946567041749482
2021-03-22,HINDUNILVR.NS,0.018067721465722476,0.0675333918832173
2021-03-23,HINDUNILVR.NS,-0.008026541368394513,0.05950685051482279
2021-03-24,HINDUNILVR.NS,-0.0025568626872432736,0.05694998782757951
2021-03-25,HINDUNILVR.NS,-0.031055014887740578,0.025894972939838935
2021-03-26,HINDUNILVR.NS,0.03214255074922484,0.05803752368906377
2021-03-29,HINDUNILVR.NS,0.00027806185588139437,0.05831558554494517
2021-03-30,HINDUNILVR.NS,0.027944172676720263,0.08625975822166543
2021-03-31,HINDUNILVR.NS,0.016845685180827616,0.10310544340249304
2021-04-01,HINDUNILVR.NS,-0.016574264513458083,0.08653117888903496
2021-04-02,HINDUNILVR.NS,0.00027806185588139437,0.08680924074491635
2021-04-05,HINDUNILVR.NS,-0.006100954750347278,0.08070828599456907
2021-04-06,HINDUNILVR.NS,0.014063206377185073,0.09477149237175414
2021-04-07,HINDUNILVR.NS,-0.0036319422599719662,0.09113955011178218
2021-04-08,HINDUNILVR.NS,0.0011485339032525545,0.09228808401503473
2021-04-09,HINDUNILVR.NS,0.028091594766929635,0.12037967878196437
2021-04-12,HINDUNILVR.NS,0.00495129197708364,0.125330970759048
2021-04-13,HINDUNILVR.NS,-0.0066862795496993605,0.11864469120934865
2021-04-14,HINDUNILVR.NS,0.00027806185588139437,0.11892275306523004
2021-04-15,HINDUNILVR.NS,0.0013053249155996767,0.12022807798082971
2021-04-16,HINDUNILVR.NS,-0.0011503761180854167,0.1190777018627443
2021-04-19,HINDUNILVR.NS,-0.0036824250093670666,0.11539527685337723
2021-04-20,HINDUNILVR.NS,-0.014674750924524596,0.10072052592885264
2021-03-16,ICICIBANK.NS,-0.01298611429303432,-0.01298611429303432
2021-03-17,ICICIBANK.NS,0.010138670250070245,-0.002847444042964076
2021-03-18,ICICIBANK.NS,-0.0018394114384322896,-0.004686855481396366
2021-03-19,ICICIBANK.NS,-0.006876984310059495,-0.01156383979145586
2021-03-22,ICICIBANK.NS,-0.022671743619068135,-0.034235583410524
2021-03-23,ICICIBANK.NS,0.013272996402067872,-0.020962587008456122
2021-03-24,ICICIBANK.NS,-0.005079589857538088,-0.02604217686599421
2021-03-25,ICICIBANK.NS,0.03082768772178261,0.004785510855788398
2021-03-26,ICICIBANK.NS,-0.008437560805882639,-0.0036520499500942404
2021-03-29,ICICIBANK.NS,-0.0007242583392533669,-0.004376308289347607
2021-03-30,ICICIBANK.NS,-0.014849099779824376,-0.019225408069171983
2021-03-31,ICICIBANK.NS,-0.00022683710625732642,-0.01945224517542931
2021-04-01,ICICIBANK.NS,0.0013998729760639796,-0.01805237219936533
2021-04-02,ICICIBANK.NS,-0.0007242583392533669,-0.018776630538618697
2021-04-05,ICICIBANK.NS,-0.015993741749973058,-0.034770372288591755
2021-04-06,ICICIBANK.NS,-0.01503319486217228,-0.04980356715076403
2021-04-07,ICICIBANK.NS,0.005384146396839672,-0.04441942075392436
2021-04-08,ICICIBANK.NS,-0.008166234269470708,-0.05258565502339507
2021-04-09,ICICIBANK.NS,-0.01497784588957927,-0.06756350091297435
2021-04-12,ICICIBANK.NS,0.005734162830008584,-0.061829338082965764
2021-04-13,ICICIBANK.NS,0.018239931537210263,-0.0435894065457555
2021-04-14,ICICIBANK.NS,-0.0007242583392533669,-0.04431366488500887
2021-04-15,ICICIBANK.NS,0.016702126040831017,-0.02761153884417785
2021-04-16,ICICIBANK.NS,-0.019089475835050673,-0.04670101467922852
2021-04-19,ICICIBANK.NS,0.014526207419119017,-0.0321748072601095
2021-04-20,ICICIBANK.NS,0.005030083856310426,-0.027144723403799077
2021-03-16,INDUSINDBK.NS,-0.0006634111550767865,-0.0006634111550767865
2021-03-17,INDUSINDBK.NS,-0.0023097939291256905,-0.002973205084202477
2021-03-18,INDUSINDBK.NS,0.014024785454503044,0.011051580370300566
2021-03-19,INDUSINDBK.NS,-0.011847199263628882,-0.0007956188933283155
2021-03-22,INDUSINDBK.NS,-0.042359213953095776,-0.04315483284642409
2021-03-23,INDUSINDBK.NS,0.014209124925950917,-0.02894570792047317
2021-03-24,INDUSINDBK.NS,-0.00016676880509013114,-0.029112476725563302
2021-03-25,INDUSINDBK.NS,0.02673547581509929,-0.002377000910464014
2021-03-26,INDUSINDBK.NS,-0.02607585840130783,-0.028452859311771845
2021-03-29,INDUSINDBK.NS,0.0009528468700378536,-0.02750001244173399
2021-03-30,INDUSINDBK.NS,-0.029927145746154266,-0.05742715818788825
2021-03-31,INDUSINDBK.NS,0.012027798901156319,-0.04539935928673193
2021-04-01,INDUSINDBK.NS,0.020310527211537963,-0.025088832075193968
2021-04-02,INDUSINDBK.NS,0.0009528468700378536,-0.024135985205156113
2021-04-05,INDUSINDBK.NS,-0.030284399649566925,-0.05442038485472304
2021-04-06,INDUSINDBK.NS,-0.015237202367434297,-0.06965758722215734
2021-04-07,INDUSINDBK.NS,0.004705925916715016,-0.06495166130544233
2021-04-08,INDUSINDBK.NS,-0.016711371802555754,-0.08166303310799808
2021-04-09,INDUSINDBK.NS,-0.006647647612429381,-0.08831068072042746
2021-04-12,INDUSINDBK.NS,-0.026952459852853022,-0.11526314057328048
2021-04-13,INDUSINDBK.NS,0.016151040191085174,-0.09911210038219531
2021-04-14,INDUSINDBK.NS,0.0009528468700378536,-0.09815925351215746
2021-04-15,INDUSINDBK.NS,-0.030055147626314515,-0.12821440113847196
2021-04-16,INDUSINDBK.NS,0.0020134203441187415,-0.1262009807943532
2021-04-19,INDUSINDBK.NS,-0.004923765715699371,-0.13112474651005257
2021-04-20,INDUSINDBK.NS,0.024018889038229373,-0.10710585747182319
2021-03-16,INFY.NS,0.008121729138116799,0.008121729138116799
2021-03-17,INFY.NS,0.011605103932958487,0.019726833071075284
2021-03-18,INFY.NS,-0.028435624332562186,-0.008708791261486902
2021-03-19,INFY.NS,-0.0047224249009595945,-0.013431216162446497
2021-03-22,INFY.NS,0.019401603679897492,0.005970387517450996
2021-03-23,INFY.NS,-0.003948096335421625,0.0020222911820293706
2021-03-24,INFY.NS,0.00046889102963143005,0.0024911822116608006
2021-03-25,INFY.NS,-0.0032600246646422026,-0.000768842452981402
2021-03-26,INFY.NS,-0.008365557665942035,-0.009134400118923438
2021-03-29,INFY.NS,-0.00040576504005209715,-0.009540165158975536
2021-03-30,INFY.NS,0.017930526280118805,0.00839036112114327
2021-03-31,INFY.NS,-0.0048732688285898105,0.003517092292553459
2021-04-01,INFY.NS,0.0028345936790225897,0.006351685971576049
2021-04-02,INFY.NS,-0.00040576504005209715,0.005945920931523952
2021-04-05,INFY.NS,0.029268238008323785,0.03521415893984774
2021-04-06,INFY.NS,-0.0019942669842285994,0.03321989195561914
2021-04-07,INFY.NS,0.005987958240309653,0.039207850195928796
2021-04-08,INFY.NS,0.0034748751998059635,0.04268272539573476
2021-04-09,INFY.NS,0.0024493973962289566,0.04513212279196372
2021-04-12,INFY.NS,0.01665525135309004,0.06178737414505376
2021-04-13,INFY.NS,-0.031053163650943218,0.030734210494110542
2021-04-14,INFY.NS,-0.00040576504005209715,0.030328445454058446
2021-04-15,INFY.NS,-0.030868883077576383,-0.0005404376235179364
2021-04-16,INFY.NS,-0.007485938813497472,-0.008026376437015408
2021-04-19,INFY.NS,0.01982762612934622,0.01180124969233081
2021-04-20,INFY.NS,-0.005266058979898415,0.006535190712432396
2021-03-16,IOC.NS,-0.006185489969564656,-0.006185489969564656
2021-03-17,IOC.NS,-0.009817610015086933,-0.01600309998465159
2021-03-18,IOC.NS,0.0009340377061110138,-0.015069062278540575
2021-03-19,IOC.NS,0.0008853888698072774,-0.014183673408733298
2021-03-22,IOC.NS,0.003510566328917143,-0.010673107079816155
2021-03-23,IOC.NS,-0.00042323139080812765,-0.011096338470624283
2021-03-24,IOC.NS,-0.005088705678721741,-0.016185044149346024
2021-03-25,IOC.NS,-0.024106606291381512,-0.040291650440727536
2021-03-26,IOC.NS,-0.014365124489816295,-0.05465677493054383
2021-03-29,IOC.NS,-0.0010735103277491654,-0.055730285258292996
2021-03-30,IOC.NS,-0.0181285169404997,-0.07385880219879269
2021-03-31,IOC.NS,0.013181235184121112,-0.06067756701467158
2021-04-01,IOC.NS,0.0004242926261146078,-0.060253274388556974
2021-04-02,IOC.NS,-0.0010735103277491654,-0.06132678471630614
2021-04-05,IOC.NS,-0.010830021502299699,-0.07215680621860585
2021-04-06,IOC.NS,4.9904856383719935e-05,-0.07210690136222213
2021-04-07,IOC.NS,0.006135302658775344,-0.06597159870344678
2021-04-08,IOC.NS,-0.002254196417544107,-0.06822579512099089
2021-04-09,IOC.NS,-0.01185829309409945,-0.08008408821509033
2021-04-12,IOC.NS,-0.0159069997095685,-0.09599108792465882
2021-04-13,IOC.NS,0.005259862138389566,-0.09073122578626926
2021-04-14,IOC.NS,-0.0010735103277491654,-0.09180473611401842
2021-04-15,IOC.NS,0.00792326432491686,-0.08388147178910156
2021-04-16,IOC.NS,-0.003137740155335917,-0.08701921194443747
2021-04-19,IOC.NS,-0.0053402874667107525,-0.09235949941114822
2021-04-20,IOC.NS,0.00013829313476712915,-0.0922212062763811
2021-03-16,ITC.NS,0.01297607370438664,0.01297607370438664
2021-03-17,ITC.NS,0.02469792403765448,0.037673997742041124
2021-03-18,ITC.NS,0.04306096809847414,0.08073496584051526
2021-03-19,ITC.NS,0.013018338872913312,0.09375330471342858
2021-03-22,ITC.NS,0.014274393453705238,0.10802769816713381
2021-03-23,ITC.NS,-0.0214310601550651,0.08659663801206871
2021-03-24,ITC.NS,-0.012269801425591729,0.07432683658647699
2021-03-25,ITC.NS,-0.006326010648810346,0.06800082593766664
2021-03-26,ITC.NS,-0.01430722163407393,0.05369360430359271
2021-03-29,ITC.NS,0.00022956346337097127,0.05392316776696368
2021-03-30,ITC.NS,-0.003029161291610818,0.05089400647535286
2021-03-31,ITC.NS,0.02774679408072174,0.0786408005560746
2021-04-01,ITC.NS,-0.0033041655041999435,0.07533663505187466
2021-04-02,ITC.NS,0.00022956346337097127,0.07556619851524563
2021-04-05,ITC.NS,-0.020645609748204927,0.0549205887670407
2021-04-06,ITC.NS,-0.0020650796832578657,0.05285550908378284
2021-04-07,ITC.NS,-0.0025280229550478685,0.05032748612873497
2021-04-08,ITC.NS,-0.005617317434371181,0.04471016869436379
2021-04-09,ITC.NS,0.0018518361656722207,0.04656200486003601
2021-04-12,ITC.NS,-0.005158434028769553,0.04140357083126646
2021-04-13,ITC.NS,0.00471116664640887,0.04611473747767533
2021-04-14,ITC.NS,0.00022956346337097127,0.0463443009410463
2021-04-15,ITC.NS,-0.014074738034629013,0.03226956290641729
2021-04-16,ITC.NS,0.004047228347524526,0.03631679125394181
2021-04-19,ITC.NS,0.004684751847498284,0.041001543101440094
2021-04-20,ITC.NS,-0.005888043067726412,0.035113500033713684
2021-03-16,JSWSTEEL.NS,-0.006818327996310991,-0.006818327996310991
2021-03-17,JSWSTEEL.NS,0.005086607900961852,-0.0017317200953491391
2021-03-18,JSWSTEEL.NS,0.013168765938895146,0.011437045843546007
2021-03-19,JSWSTEEL.NS,0.028268512933666907,0.039705558777212914
2021-03-22,JSWSTEEL.NS,0.011800357365402182,0.0515059161426151
2021-03-23,JSWSTEEL.NS,-0.012581625888142635,0.038924290254472464
2021-03-24,JSWSTEEL.NS,0.008355512364649164,0.047279802619121625
2021-03-25,JSWSTEEL.NS,0.017463278393391728,0.06474308101251336
2021-03-26,JSWSTEEL.NS,0.004328792535553077,0.06907187354806643
2021-03-29,JSWSTEEL.NS,0.0005650446631649024,0.06963691821123133
2021-03-30,JSWSTEEL.NS,0.026519337100586272,0.0961562553118176
2021-03-31,JSWSTEEL.NS,0.013064791242950038,0.10922104655476764
2021-04-01,JSWSTEEL.NS,0.07124517120721365,0.1804662177619813
2021-04-02,JSWSTEEL.NS,0.0005650446631649024,0.1810312624251462
2021-04-05,JSWSTEEL.NS,0.03304063483298684,0.21407189725813303
2021-04-06,JSWSTEEL.NS,0.03530179920570258,0.24937369646383561
2021-04-07,JSWSTEEL.NS,0.03665672912991405,0.2860304255937497
2021-04-08,JSWSTEEL.NS,0.08503216069674052,0.3710625862904902
2021-04-09,JSWSTEEL.NS,0.014337220092107156,0.38539980638259735
2021-04-12,JSWSTEEL.NS,0.008703461091688229,0.3941032674742856
2021-04-13,JSWSTEEL.NS,0.02967143192529119,0.4237746993995768
2021-04-14,JSWSTEEL.NS,0.0005650446631649024,0.4243397440627417
2021-04-15,JSWSTEEL.NS,-0.006643890057250946,0.41769585400549075
2021-04-16,JSWSTEEL.NS,-0.01744501648103752,0.40025083752445323
2021-04-19,JSWSTEEL.NS,0.012413571693238607,0.4126644092176918
2021-04-20,JSWSTEEL.NS,0.012691159067805203,0.42535556828549703
2021-03-16,KOTAKBANK.NS,-0.005382994843861918,-0.005382994843861918
2021-03-17,KOTAKBANK.NS,-0.005278207715022595,-0.010661202558884513
2021-03-18,KOTAKBANK.NS,-0.008782359339445836,-0.01944356189833035
2021-03-19,KOTAKBANK.NS,-0.008029663907200939,-0.027473225805531288
2021-03-22,KOTAKBANK.NS,-0.00428318759405006,-0.03175641339958135
2021-03-23,KOTAKBANK.NS,-0.008812335634142632,-0.04056874903372398
2021-03-24,KOTAKBANK.NS,0.0012512445594832812,-0.039317504474240705
2021-03-25,KOTAKBANK.NS,0.004717899783588959,-0.03459960469065175
2021-03-26,KOTAKBANK.NS,-0.0054152320780572714,-0.040014836768709025
2021-03-29,KOTAKBANK.NS,0.0015353137379074636,-0.038479523030801564
2021-03-30,KOTAKBANK.NS,-0.013757302103406192,-0.05223682513420776
2021-03-31,KOTAKBANK.NS,-0.004896774941957454,-0.05713360007616521
2021-04-01,KOTAKBANK.NS,0.019594485726560446,-0.03753911434960477
2021-04-02,KOTAKBANK.NS,0.0015353137379074636,-0.036003800611697306
2021-04-05,KOTAKBANK.NS,-0.00969662378270933,-0.045700424394406636
2021-04-06,KOTAKBANK.NS,0.003846114014666957,-0.041854310379739676
2021-04-07,KOTAKBANK.NS,0.006451329693503239,-0.035402980686236436
2021-04-08,KOTAKBANK.NS,-0.006729629985270943,-0.04213261067150738
2021-04-09,KOTAKBANK.NS,0.012864021166244174,-0.029268589505263204
2021-04-12,KOTAKBANK.NS,0.0023534088251130417,-0.026915180680150162
2021-04-13,KOTAKBANK.NS,0.008188128889837247,-0.018727051790312914
2021-04-14,KOTAKBANK.NS,0.0015353137379074636,-0.01719173805240545
2021-04-15,KOTAKBANK.NS,-0.004746455262785762,-0.02193819331519121
2021-04-16,KOTAKBANK.NS,-0.005916585249876802,-0.027854778565068013
2021-04-19,KOTAKBANK.NS,-0.018736867533514553,-0.046591646098582566
2021-04-20,KOTAKBANK.NS,0.0037618560116530805,-0.042829790086929484
2021-03-16,LT.NS,-0.015586769836915804,-0.015586769836915804
2021-03-17,LT.NS,-0.0028387702452170507,-0.018425540082132853
2021-03-18,LT.NS,0.005133112945383883,-0.01329242713674897
2021-03-19,LT.NS,-0.030200489373079613,-0.04349291650982858
2021-03-22,LT.NS,-0.009611329991713588,-0.05310424650154217
2021-03-23,LT.NS,-0.0059208348154552205,-0.059025081316997394
2021-03-24,LT.NS,-0.004866370077574227,-0.06389145139457161
2021-03-25,LT.NS,0.018756702934587508,-0.04513474845998411
2021-03-26,LT.NS,0.0013796221142861748,-0.043755126345697934
2021-03-29,LT.NS,-0.00229427220259387,-0.046049398548291806
2021-03-30,LT.NS,-0.01345083632726711,-0.059500234875558916
2021-03-31,LT.NS,0.00763034251466488,-0.05186989236089404
2021-04-01,LT.NS,0.000569438426114021,-0.05130045393478001
2021-04-02,LT.NS,-0.00229427220259387,-0.053594726137373885
2021-04-05,LT.NS,-0.011303726159173869,-0.06489845229654775
2021-04-06,LT.NS,-0.008225417780709798,-0.07312387007725756
2021-04-07,LT.NS,-0.011646754041887091,-0.08477062411914464
2021-04-08,LT.NS,0.0036769228671491763,-0.08109370125199547
2021-04-09,LT.NS,-0.00964620949413145,-0.09073991074612692
2021-04-12,LT.NS,0.00020917538579014183,-0.09053073536033678
2021-04-13,LT.NS,0.0017122949923259329,-0.08881844036801084
2021-04-14,LT.NS,-0.00229427220259387,-0.09111271257060471
2021-04-15,LT.NS,-0.008255346280783279,-0.099368058851388
2021-04-16,LT.NS,-0.016780797259890762,-0.11614885611127876
2021-04-19,LT.NS,-0.01627193967199092,-0.13242079578326968
2021-04-20,LT.NS,0.019195624676001763,-0.11322517110726792
2021-03-16,M&M.NS,0.00023445982252780087,0.00023445982252780087
2021-03-17,M&M.NS,0.011651892092109099,0.011886351914636899
2021-03-18,M&M.NS,0.026702796106357247,0.03858914802099415
2021-03-19,M&M.NS,-0.012650949361065051,0.025938198659929097
2021-03-22,M&M.NS,0.004200777831569023,0.030138976491498118
2021-03-23,M&M.NS,-0.01733192595979958,0.012807050531698536
2021-03-24,M&M.NS,-0.013816023055472443,-0.0010089725237739065
2021-03-25,M&M.NS,-0.00187964905064332,-0.0028886215744172265
2021-03-26,M&M.NS,-0.00844139168627514,-0.011330013260692367
2021-03-29,M&M.NS,0.0002268070048016018,-0.011103206255890764
2021-03-30,M&M.NS,-0.038493494865380715,-0.04959670112127148
2021-03-31,M&M.NS,0.01565015469693919,-0.033946546424332286
2021-04-01,M&M.NS,-0.0016360623164899772,-0.035582608740822266
2021-04-02,M&M.NS,0.0002268070048016018,-0.03535580173602067
2021-04-05,M&M.NS,-0.019200437750251976,-0.05455623948627264
2021-04-06,M&M.NS,0.004271981723532325,-0.050284257762740314
2021-04-07,M&M.NS,0.006220570762822944,-0.04406368699991737
2021-04-08,M&M.NS,-0.006547742662644562,-0.05061142966256193
2021-04-09,M&M.NS,-0.0010271573336363355,-0.05163858699619826
2021-04-12,M&M.NS,0.0007834579601929403,-0.05085512903600532
2021-04-13,M&M.NS,0.05727327470211156,0.00641814566610624
2021-04-14,M&M.NS,0.0002268070048016018,0.006644952670907841
2021-04-15,M&M.NS,-0.014999599931847612,-0.00835464726093977
2021-04-16,M&M.NS,0.016971976742582807,0.008617329481643038
2021-04-19,M&M.NS,-0.007034888509912126,0.001582440971730912
2021-04-20,M&M.NS,0.02675982451399781,0.028342265485728723
2021-03-16,MARUTI.NS,0.011644936080658756,0.011644936080658756
2021-03-17,MARUTI.NS,0.0026039553576384863,0.014248891438297242
2021-03-18,MARUTI.NS,0.019966741288744275,0.03421563272704152
2021-03-19,MARUTI.NS,-0.01104001035977676,0.02317562236726476
2021-03-22,MARUTI.NS,0.0005796963072634302,0.02375531867452819
2021-03-23,MARUTI.NS,0.008346282314900904,0.032101600989429095
2021-03-24,MARUTI.NS,0.003155237462709598,0.03525683845213869
2021-03-25,MARUTI.NS,-0.022876473325573316,0.012380365126565377
2021-03-26,MARUTI.NS,-0.01131199750761802,0.0010683676189473575
2021-03-29,MARUTI.NS,0.0017906918006293311,0.0028590594195766887
2021-03-30,MARUTI.NS,-0.011524218788696222,-0.008665159369119534
2021-03-31,MARUTI.NS,0.013404958148541883,0.0047397987794223495
2021-04-01,MARUTI.NS,-0.0008649050538716233,0.003874893725550726
2021-04-02,MARUTI.NS,0.0017906918006293311,0.005665585526180057
2021-04-05,MARUTI.NS,-0.005222744028532008,0.0004428414976480489
2021-04-06,MARUTI.NS,-0.0039020584368837713,-0.0034592169392357224
2021-04-07,MARUTI.NS,0.009232608445477731,0.0057733915062420085
2021-04-08,MARUTI.NS,-0.007497809388601617,-0.0017244178823596088
2021-04-09,MARUTI.NS,0.004469430191705977,0.0027450123093463686
2021-04-12,MARUTI.NS,-0.007904550412648745,-0.005159538103302376
2021-04-13,MARUTI.NS,0.03250005558284478,0.027340517479542404
2021-04-14,MARUTI.NS,0.0017906918006293311,0.029131209280171735
2021-04-15,MARUTI.NS,-0.029011599326632775,0.00011960995353895928
2021-04-16,MARUTI.NS,-0.0001421761817847326,-2.2566228245773316e-05
2021-04-19,MARUTI.NS,-0.0009614047844959672,-0.0009839710127417405
2021-04-20,MARUTI.NS,0.02672935368932222,0.02574538267658048
2021-03-16,NESTLEIND.NS,-0.0031754070962910857,-0.0031754070962910857
2021-03-17,NESTLEIND.NS,-0.011178169802875119,-0.014353576899166205
2021-03-18,NESTLEIND.NS,-0.010053448045214457,-0.024407024944380663
2021-03-19,NESTLEIND.NS,0.012899087584482855,-0.011507937359897809
2021-03-22,NESTLEIND.NS,0.01030386520698116,-0.0012040721529166486
2021-03-23,NESTLEIND.NS,0.005676296350313755,0.004472224197397107
2021-03-24,NESTLEIND.NS,-0.006255363379157899,-0.0017831391817607926
2021-03-25,NESTLEIND.NS,-0.010057891355777398,-0.01184103053753819
2021-03-26,NESTLEIND.NS,0.022163800687249255,0.010322770149711065
2021-03-29,NESTLEIND.NS,0.0018273900369637328,0.012150160186674797
2021-03-30,NESTLEIND.NS,0.029360892622639696,0.0415110528093145
2021-03-31,NESTLEIND.NS,0.005309085822103354,0.04682013863141785
2021-04-01,NESTLEIND.NS,-0.006931233767852627,0.03988890486356522
2021-04-02,NESTLEIND.NS,0.0018273900369637328,0.04171629490052896
2021-04-05,NESTLEIND.NS,-0.00493873378622757,0.03677756111430139
2021-04-06,NESTLEIND.NS,0.012638360665893291,0.04941592178019468
2021-04-07,NESTLEIND.NS,0.01780611298766668,0.06722203476786136
2021-04-08,NESTLEIND.NS,0.016561193452711696,0.08378322822057305
2021-04-09,NESTLEIND.NS,-0.0028291982179184695,0.08095403000265458
2021-04-12,NESTLEIND.NS,0.008594821640401193,0.08954885164305577
2021-04-13,NESTLEIND.NS,-0.021842990634667398,0.06770586100838838
2021-04-14,NESTLEIND.NS,0.0018273900369637328,0.06953325104535212
2021-04-15,NESTLEIND.NS,-0.0171468124997497,0.05238643854560242
2021-04-16,NESTLEIND.NS,0.023062167917967946,0.07544860646357036
2021-04-19,NESTLEIND.NS,-0.0016967909404880018,0.07375181552308237
2021-04-20,NESTLEIND.NS,0.0036213675795392763,0.07737318310262165
2021-03-16,NTPC.NS,-0.007493489029170622,-0.007493489029170622
2021-03-17,NTPC.NS,-0.015424903861535713,-0.022918392890706334
2021-03-18,NTPC.NS,-0.01536787329183025,-0.03828626618253658
2021-03-19,NTPC.NS,0.031794199710795334,-0.006492066471741248
2021-03-22,NTPC.NS,0.012764397283059987,0.006272330811318739
2021-03-23,NTPC.NS,-0.01625700605945792,-0.00998467524813918
2021-03-24,NTPC.NS,-0.007177532152320584,-0.01716220740045976
2021-03-25,NTPC.NS,-0.013654616221955644,-0.030816823622415404
2021-03-26,NTPC.NS,-0.0008548890113987996,-0.0316717126338142
2021-03-29,NTPC.NS,-0.00010373106301689648,-0.03177544369683109
2021-03-30,NTPC.NS,0.01049491992658514,-0.021280523770245953
2021-03-31,NTPC.NS,-0.000646782284893288,-0.02192730605513924
2021-04-01,NTPC.NS,0.0008346981966280542,-0.021092607858511185
2021-04-02,NTPC.NS,-0.00010373106301689648,-0.02119633892152808
2021-04-05,NTPC.NS,0.00012552854038772043,-0.02107081038114036
2021-04-06,NTPC.NS,-0.005497001064804755,-0.026567811445945118
2021-04-07,NTPC.NS,-0.0147355518300885,-0.041303363276033615
2021-04-08,NTPC.NS,-0.00797524576677322,-0.049278609042806835
2021-04-09,NTPC.NS,-0.018722476154823364,-0.0680010851976302
2021-04-12,NTPC.NS,-0.0022047713899062474,-0.07020585658753645
2021-04-13,NTPC.NS,0.0022973623130853674,-0.06790849427445109
2021-04-14,NTPC.NS,-0.00010373106301689648,-0.06801222533746798
2021-04-15,NTPC.NS,0.0021861723484491976,-0.06582605298901878
2021-04-16,NTPC.NS,0.008260746994722703,-0.05756530599429607
2021-04-19,NTPC.NS,-0.01646759702472407,-0.07403290301902014
2021-04-20,NTPC.NS,0.004186026215234196,-0.06984687680378594
2021-03-16,ONGC.NS,0.006746925056156237,0.006746925056156237
2021-03-17,ONGC.NS,-0.035382136842454726,-0.02863521178629849
2021-03-18,ONGC.NS,0.02142607461099299,-0.0072091371753055
2021-03-19,ONGC.NS,-0.016124620401019453,-0.023333757576324953
2021-03-22,ONGC.NS,-0.009006056796778577,-0.03233981437310353
2021-03-23,ONGC.NS,-0.031363363340529006,-0.06370317771363254
2021-03-24,ONGC.NS,0.000920425631404858,-0.06278275208222768
2021-03-25,ONGC.NS,-0.007422543678032235,-0.07020529576025991
2021-03-26,ONGC.NS,-0.014856699031796223,-0.08506199479205613
2021-03-29,ONGC.NS,-0.0015303801846918705,-0.086592374976748
2021-03-30,ONGC.NS,-0.02220931765842788,-0.10880169263517589
2021-03-31,ONGC.NS,-0.0004135547172099685,-0.10921524735238586
2021-04-01,ONGC.NS,0.0034912166135971194,-0.10572403073878874
2021-04-02,ONGC.NS,-0.0015303801846918705,-0.1072544109234806
2021-04-05,ONGC.NS,0.011009475268229763,-0.09624493565525084
2021-04-06,ONGC.NS,-0.000956172998763577,-0.09720110865401442
2021-04-07,ONGC.NS,-0.007339715572428136,-0.10454082422644256
2021-04-08,ONGC.NS,-0.01663943554406476,-0.12118025977050732
2021-04-09,ONGC.NS,0.003970999790874149,-0.11720925997963318
2021-04-12,ONGC.NS,-0.009514100217099718,-0.1267233601967329
2021-04-13,ONGC.NS,0.020107816659263707,-0.10661554353746919
2021-04-14,ONGC.NS,-0.0015303801846918705,-0.10814592372216106
2021-04-15,ONGC.NS,0.020737163558553567,-0.08740876016360749
2021-04-16,ONGC.NS,0.015789115227839608,-0.07161964493576789
2021-04-19,ONGC.NS,-0.017643144124176467,-0.08926278905994436
2021-04-20,ONGC.NS,0.0025229873002524114,-0.08673980175969195
2021-03-16,POWERGRID.NS,0.0005368967465855465,0.0005368967465855465
2021-03-17,POWERGRID.NS,-0.009502268729420027,-0.00896537198283448
2021-03-18,POWERGRID.NS,0.009903814068148074,0.0009384420853135941
2021-03-19,POWERGRID.NS,0.02846541565513955,0.029403857740453145
2021-03-22,POWERGRID.NS,-0.03072890995930883,-0.0013250522188556837
2021-03-23,POWERGRID.NS,-0.026678080332625226,-0.02800313255148091
2021-03-24,POWERGRID.NS,0.022083039448844086,-0.005920093102636824
2021-03-25,POWERGRID.NS,-0.010532580998428609,-0.016452674101065434
2021-03-26,POWERGRID.NS,-0.02040364629017053,-0.036856320391235965
2021-03-29,POWERGRID.NS,-0.0018318596854053474,-0.038688180076641314
2021-03-30,POWERGRID.NS,0.010546478400332154,-0.02814170167630916
2021-03-31,POWERGRID.NS,-0.019476121045537326,-0.04761782272184649
2021-04-01,POWERGRID.NS,0.002558511461138037,-0.04505931126070845
2021-04-02,POWERGRID.NS,-0.0018318596854053474,-0.0468911709461138
2021-04-05,POWERGRID.NS,-0.010288463408924725,-0.057179634355038526
2021-04-06,POWERGRID.NS,-0.027735672961841068,-0.0849153073168796
2021-04-07,POWERGRID.NS,-0.002821042130927598,-0.0877363494478072
2021-04-08,POWERGRID.NS,-0.012199488899425886,-0.09993583834723309
2021-04-09,POWERGRID.NS,-0.0030688272744032827,-0.10300466562163638
2021-04-12,POWERGRID.NS,-0.007712392675111028,-0.11071705829674741
2021-04-13,POWERGRID.NS,0.02437902651778687,-0.08633803177896054
2021-04-14,POWERGRID.NS,-0.0018318596854053474,-0.0881698914643659
2021-04-15,POWERGRID.NS,-0.010650066870094706,-0.0988199583344606
2021-04-16,POWERGRID.NS,0.005971584540479063,-0.09284837379398153
2021-04-19,POWERGRID.NS,-0.029520600802721876,-0.1223689745967034
2021-04-20,POWERGRID.NS,0.014071246003879052,-0.10829772859282435
2021-03-16,RELIANCE.NS,-0.0022550675137979178,-0.0022550675137979178
2021-03-17,RELIANCE.NS,-0.011226630838338521,-0.013481698352136438
2021-03-18,RELIANCE.NS,-0.013444479856805988,-0.026926178208942428
2021-03-19,RELIANCE.NS,0.02654625774593799,-0.0003799204630044392
2021-03-22,RELIANCE.NS,-0.008357327503307897,-0.008737247966312336
2021-03-23,RELIANCE.NS,0.008710762731262051,-2.6485235050284495e-05
2021-03-24,RELIANCE.NS,-0.0048022333672593336,-0.004828718602309618
2021-03-25,RELIANCE.NS,-0.014961783169009897,-0.019790501771319517
2021-03-26,RELIANCE.NS,-0.007449248225795804,-0.02723974999711532
2021-03-29,RELIANCE.NS,0.000703668898710978,-0.026536081098404343
2021-03-30,RELIANCE.NS,0.00017333686728440365,-0.02636274423111994
2021-03-31,RELIANCE.NS,-0.004227758142189916,-0.030590502373309854
2021-04-01,RELIANCE.NS,0.0008019668731915897,-0.029788535500118264
2021-04-02,RELIANCE.NS,0.000703668898710978,-0.029084866601407286
2021-04-05,RELIANCE.NS,-0.001867845624733527,-0.030952712226140815
2021-04-06,RELIANCE.NS,-0.005874684477920339,-0.036827396704061155
2021-04-07,RELIANCE.NS,0.002921464440617182,-0.033905932263443975
2021-04-08,RELIANCE.NS,-0.0008931345942355699,-0.03479906685767954
2021-04-09,RELIANCE.NS,-0.008960922492648717,-0.04375998935032826
2021-04-12,RELIANCE.NS,-0.0079847832456401,-0.05174477259596836
2021-04-13,RELIANCE.NS,0.0010656364006826607,-0.0506791361952857
2021-04-14,RELIANCE.NS,0.000703668898710978,-0.04997546729657472
2021-04-15,RELIANCE.NS,0.003088460509748708,-0.04688700678682601
2021-04-16,RELIANCE.NS,-0.007513726007711178,-0.054400732794537186
2021-04-19,RELIANCE.NS,-0.0014002381608661293,-0.05580097095540332
2021-04-20,RELIANCE.NS,0.0038083879265892826,-0.051992583028814036
2021-03-16,SBIN.NS,-0.01636703558974896,-0.01636703558974896
2021-03-17,SBIN.NS,-0.011293701851974196,-0.027660737441723156
2021-03-18,SBIN.NS,0.011073351894155736,-0.016587385547567418
2021-03-19,SBIN.NS,-0.014357237468862187,-0.030944623016429605
2021-03-22,SBIN.NS,-0.01482918320799069,-0.045773806224420295
2021-03-23,SBIN.NS,0.0022582317354147927,-0.043515574489005504
2021-03-24,SBIN.NS,-0.009795334068708417,-0.05331090855771392
2021-03-25,SBIN.NS,0.008135584975851519,-0.0451753235818624
2021-03-26,SBIN.NS,-0.019626773571105594,-0.064802097152968
2021-03-29,SBIN.NS,-0.004432802565427564,-0.06923489971839557
2021-03-30,SBIN.NS,-0.032260496648613024,-0.10149539636700859
2021-03-31,SBIN.NS,0.02241583518355486,-0.07907956118345373
2021-04-01,SBIN.NS,-0.006810174420580753,-0.08588973560403448
2021-04-02,SBIN.NS,-0.004432802565427564,-0.09032253816946205
2021-04-05,SBIN.NS,-0.02607530432104977,-0.11639784249051183
2021-04-06,SBIN.NS,-0.01808101108108171,-0.13447885357159353
2021-04-07,SBIN.NS,0.003019450277224847,-0.13145940329436867
2021-04-08,SBIN.NS,-0.018759294594209473,-0.15021869788857814
2021-04-09,SBIN.NS,-0.007458861598077087,-0.15767755948665524
2021-04-12,SBIN.NS,-0.016150976470488798,-0.17382853595714404
2021-04-13,SBIN.NS,0.009703003383732443,-0.1641255325734116
2021-04-14,SBIN.NS,-0.004432802565427564,-0.16855833513883914
2021-04-15,SBIN.NS,-0.008128078676781243,-0.1766864138156204
2021-04-16,SBIN.NS,-0.016737034130919884,-0.19342344794654026
2021-04-19,SBIN.NS,-0.001180956236719731,-0.19460440418326
2021-04-20,SBIN.NS,-0.002190588804642654,-0.19679499298790265
2021-03-16,SHREECEM.NS,-0.004779493622589775,-0.004779493622589775
2021-03-17,SHREECEM.NS,-0.0035685306105943705,-0.008348024233184145
2021-03-18,SHREECEM.NS,0.006778674053359392,-0.001569350179824753
2021-03-19,SHREECEM.NS,-0.0026937971479590265,-0.004263147327783779
2021-03-22,SHREECEM.NS,0.00264028740530421,-0.0016228599224795692
2021-03-23,SHREECEM.NS,0.04345592444501586,0.04183306452253629
2021-03-24,SHREECEM.NS,0.006976696979920476,0.048809761502456764
2021-03-25,SHREECEM.NS,0.013739140575555288,0.06254890207801206
2021-03-26,SHREECEM.NS,0.0038710170714527804,0.06641991914946484
2021-03-29,SHREECEM.NS,0.0013003679820999662,0.0677202871315648
2021-03-30,SHREECEM.NS,0.005172693119641841,0.07289298025120665
2021-03-31,SHREECEM.NS,0.027745818046650345,0.10063879829785699
2021-04-01,SHREECEM.NS,0.0019284657813927585,0.10256726407924975
2021-04-02,SHREECEM.NS,0.0013003679820999662,0.10386763206134972
2021-04-05,SHREECEM.NS,0.03527714185969643,0.13914477392104616
2021-04-06,SHREECEM.NS,-0.010881724272936716,0.12826304964810945
2021-04-07,SHREECEM.NS,-0.006944764792164791,0.12131828485594465
2021-04-08,SHREECEM.NS,0.04019285604493412,0.16151114090087876
2021-04-09,SHREECEM.NS,0.010000734940897255,0.17151187584177602
2021-04-12,SHREECEM.NS,-0.011939985535888466,0.15957189030588756
2021-04-13,SHREECEM.NS,-0.0006705655537621452,0.15890132475212543
2021-04-14,SHREECEM.NS,0.0013003679820999662,0.16020169273422538
2021-04-15,SHREECEM.NS,-0.007314151580394255,0.15288754115383113
2021-04-16,SHREECEM.NS,0.014888897146918491,0.16777643830074962
2021-04-19,SHREECEM.NS,-0.000278485514604139,0.1674979527861455
2021-04-20,SHREECEM.NS,-0.017728187551539553,0.14976976523460594
2021-03-16,SUNPHARMA.NS,-0.004551963537091027,-0.004551963537091027
2021-03-17,SUNPHARMA.NS,-0.01937665106689945,-0.023928614603990477
2021-03-18,SUNPHARMA.NS,-0.008719852490904331,-0.03264846709489481
2021-03-19,SUNPHARMA.NS,-0.00424464912613773,-0.036893116221032536
2021-03-22,SUNPHARMA.NS,0.0218442802290279,-0.015048835992004635
2021-03-23,SUNPHARMA.NS,-0.010006947651577607,-0.02505578364358224
2021-03-24,SUNPHARMA.NS,0.010210774908219759,-0.014845008735362483
2021-03-25,SUNPHARMA.NS,-0.003967598071104854,-0.018812606806467336
2021-03-26,SUNPHARMA.NS,0.008985189646211762,-0.009827417160255574
2021-03-29,SUNPHARMA.NS,-0.0003028922969629413,-0.010130309457218515
2021-03-30,SUNPHARMA.NS,-0.001505594710821942,-0.011635904168040457
2021-03-31,SUNPHARMA.NS,0.008461046138417506,-0.003174858029622951
2021-04-01,SUNPHARMA.NS,0.011300505291384277,0.008125647261761326
2021-04-02,SUNPHARMA.NS,-0.0003028922969629413,0.007822754964798385
2021-04-05,SUNPHARMA.NS,0.0092936196881852,0.017116374652983584
2021-04-06,SUNPHARMA.NS,0.016089041807667525,0.03320541646065111
2021-04-07,SUNPHARMA.NS,-0.0068918301473609046,0.026313586313290206
2021-04-08,SUNPHARMA.NS,-0.014344606337156745,0.011968979976133462
2021-04-09,SUNPHARMA.NS,0.03782795741197568,0.04979693738810914
2021-04-12,SUNPHARMA.NS,0.001562301583468543,0.05135923897157768
2021-04-13,SUNPHARMA.NS,0.0014596564632421236,0.0528188954348198
2021-04-14,SUNPHARMA.NS,-0.0003028922969629413,0.05251600313785686
2021-04-15,SUNPHARMA.NS,0.004724197040154699,0.05724020017801156
2021-04-16,SUNPHARMA.NS,0.017658754644294665,0.07489895482230623
2021-04-19,SUNPHARMA.NS,0.005968220503440636,0.08086717532574686
2021-04-20,SUNPHARMA.NS,0.010315030098787713,0.09118220542453458
2021-03-16,TATACONSUM.NS,0.005173983099920445,0.005173983099920445
2021-03-17,TATACONSUM.NS,-0.002495923163625605,0.0026780599362948403
2021-03-18,TATACONSUM.NS,-0.0058675385860203575,-0.0031894786497255172
2021-03-19,TATACONSUM.NS,-0.0020928593702889114,-0.005282338020014429
2021-03-22,TATACONSUM.NS,0.03289416173696857,0.02761182371695414
2021-03-23,TATACONSUM.NS,0.01653481941331392,0.04414664313026806
2021-03-24,TATACONSUM.NS,0.005900592124552231,0.05004723525482029
2021-03-25,TATACONSUM.NS,-0.011132852411604399,0.0389143828432159
2021-03-26,TATACONSUM.NS,0.010636742259655572,0.04955112510287147
2021-03-29,TATACONSUM.NS,-0.0007822508301023023,0.048768874272769165
2021-03-30,TATACONSUM.NS,-0.018420913047908667,0.030347961224860498
2021-03-31,TATACONSUM.NS,0.02343883122848688,0.05378679245334737
2021-04-01,TATACONSUM.NS,0.007017813146705965,0.06080460560005334
2021-04-02,TATACONSUM.NS,-0.0007822508301023023,0.060022354769951033
2021-04-05,TATACONSUM.NS,0.003756550607959149,0.06377890537791019
2021-04-06,TATACONSUM.NS,0.04157269421621892,0.1053515995941291
2021-04-07,TATACONSUM.NS,-0.021336477620968644,0.08401512197316045
2021-04-08,TATACONSUM.NS,0.003646637817375225,0.08766175979053568
2021-04-09,TATACONSUM.NS,0.014812426735049856,0.10247418652558554
2021-04-12,TATACONSUM.NS,-0.007978807230232414,0.09449537929535312
2021-04-13,TATACONSUM.NS,0.000997086380341794,0.09549246567569492
2021-04-14,TATACONSUM.NS,-0.0007822508301023023,0.09471021484559261
2021-04-15,TATACONSUM.NS,-0.012067876807197859,0.08264233803839476
2021-04-16,TATACONSUM.NS,0.015241255206781802,0.09788359324517656
2021-04-19,TATACONSUM.NS,0.0028410087381754833,0.10072460198335205
2021-04-20,TATACONSUM.NS,0.026579659217846545,0.1273042612011986
2021-03-16,TATAMOTORS.NS,0.0028389681897136943,0.0028389681897136943
2021-03-17,TATAMOTORS.NS,-0.021248436475662956,-0.018409468285949263
2021-03-18,TATAMOTORS.NS,0.02434232802409842,0.0059328597381491585
2021-03-19,TATAMOTORS.NS,-0.02628486027911313,-0.02035200054096397
2021-03-22,TATAMOTORS.NS,-0.022519781938065753,-0.04287178247902972
2021-03-23,TATAMOTORS.NS,-0.0019141445678701394,-0.04478592704689986
2021-03-24,TATAMOTORS.NS,-0.007263883243000119,-0.05204981028989998
2021-03-25,TATAMOTORS.NS,-0.0005216843520568018,-0.05257149464195678
2021-03-26,TATAMOTORS.NS,0.004794346189940006,-0.04777714845201678
2021-03-29,TATAMOTORS.NS,-0.004383539761046778,-0.05216068821306356
2021-03-30,TATAMOTORS.NS,-0.053339804434807445,-0.10550049264787101
2021-03-31,TATAMOTORS.NS,0.034712502712940116,-0.07078798993493089
2021-04-01,TATAMOTORS.NS,-0.011420061522684821,-0.08220805145761571
2021-04-02,TATAMOTORS.NS,-0.004383539761046778,-0.08659159121866249
2021-04-05,TATAMOTORS.NS,0.021380101729693915,-0.06521148948896857
2021-04-06,TATAMOTORS.NS,-0.002498029808532899,-0.06770951929750146
2021-04-07,TATAMOTORS.NS,-0.024639721475745086,-0.09234924077324655
2021-04-08,TATAMOTORS.NS,0.007205599496626143,-0.08514364127662041
2021-04-09,TATAMOTORS.NS,0.014889384415723864,-0.07025425686089655
2021-04-12,TATAMOTORS.NS,-0.02923553728307736,-0.09948979414397391
2021-04-13,TATAMOTORS.NS,0.021020915101390744,-0.07846887904258316
2021-04-14,TATAMOTORS.NS,-0.004383539761046778,-0.08285241880362994
2021-04-15,TATAMOTORS.NS,-0.013951074746681308,-0.09680349355031125
2021-04-16,TATAMOTORS.NS,0.01126721067467755,-0.0855362828756337
2021-04-19,TATAMOTORS.NS,0.007112822559592731,-0.07842346031604097
2021-04-20,TATAMOTORS.NS,-0.005782435385034436,-0.08420589570107541
2021-03-16,TATASTEEL.NS,-0.014664255367840946,-0.014664255367840946
2021-03-17,TATASTEEL.NS,-0.010555325842255117,-0.025219581210096063
2021-03-18,TATASTEEL.NS,0.015546412854604326,-0.009673168355491738
2021-03-19,TATASTEEL.NS,0.023508072217924225,0.013834903862432487
2021-03-22,TATASTEEL.NS,0.015497016520595595,0.029331920383028082
2021-03-23,TATASTEEL.NS,-0.00934049444822731,0.01999142593480077
2021-03-24,TATASTEEL.NS,-0.029378144886873674,-0.009386718952072902
2021-03-25,TATASTEEL.NS,0.04906673889381116,0.03968001994173826
2021-03-26,TATASTEEL.NS,0.04308984286640019,0.08276986280813844
2021-03-29,TATASTEEL.NS,0.0006139287219056151,0.08338379153004406
2021-03-30,TATASTEEL.NS,0.013465833468785823,0.09684962499882989
2021-03-31,TATASTEEL.NS,0.028703020800120195,0.1255526457989501
2021-04-01,TATASTEEL.NS,0.04646844503662381,0.1720210908355739
2021-04-02,TATASTEEL.NS,0.0006139287219056151,0.1726350195574795
2021-04-05,TATASTEEL.NS,0.025965952007466934,0.19860097156494644
2021-04-06,TATASTEEL.NS,-0.009039644847420713,0.18956132671752574
2021-04-07,TATASTEEL.NS,0.0026611679329396707,0.1922224946504654
2021-04-08,TATASTEEL.NS,0.04447327992073302,0.23669577457119842
2021-04-09,TATASTEEL.NS,-0.016823065726119673,0.21987270884507876
2021-04-12,TATASTEEL.NS,-0.008123262359830255,0.21174944648524852
2021-04-13,TATASTEEL.NS,0.015101967212506215,0.22685141369775474
2021-04-14,TATASTEEL.NS,0.0006139287219056151,0.22746534241966035
2021-04-15,TATASTEEL.NS,0.015474163701113288,0.24293950612077364
2021-04-16,TATASTEEL.NS,-0.01146835016666167,0.23147115595411197
2021-04-19,TATASTEEL.NS,0.020972888611776142,0.2524440445658881
2021-04-20,TATASTEEL.NS,0.012925376603349078,0.2653694211692372
2021-03-16,TCS.NS,0.014310522952432094,0.014310522952432094
2021-03-17,TCS.NS,0.008029326279203969,0.022339849231636063
2021-03-18,TCS.NS,-0.018744177665943756,0.003595671565692307
2021-03-19,TCS.NS,-0.003926304471564376,-0.00033063290587206917
2021-03-22,TCS.NS,0.025344303534971694,0.025013670629099625
2021-03-23,TCS.NS,0.00021339863781471603,0.025227069266914343
2021-03-24,TCS.NS,0.0034669095038919948,0.028693978770806337
2021-03-25,TCS.NS,-0.009393023734135203,0.019300955036671133
2021-03-26,TCS.NS,-0.007759531878276469,0.011541423158394664
2021-03-29,TCS.NS,-0.0006839082583109794,0.010857514900083685
2021-03-30,TCS.NS,0.014765578133895174,0.02562309303397886
2021-03-31,TCS.NS,0.011780096905265708,0.03740318993924457
2021-04-01,TCS.NS,-0.012020913521306667,0.025382276417937902
2021-04-02,TCS.NS,-0.0006839082583109794,0.02469836815962692
2021-04-05,TCS.NS,0.031880487144649514,0.056578855304276435
2021-04-06,TCS.NS,0.005350405254294707,0.06192926055857114
2021-04-07,TCS.NS,-0.00423459172090788,0.05769466883766326
2021-04-08,TCS.NS,0.01101690673700849,0.06871157557467175
2021-04-09,TCS.NS,0.002390250327533755,0.07110182590220551
2021-04-12,TCS.NS,-0.0018131711651007305,0.06928865473710479
2021-04-13,TCS.NS,-0.05377610744069898,0.015512547296405804
2021-04-14,TCS.NS,-0.0006839082583109794,0.014828639038094825
2021-04-15,TCS.NS,0.03245128155062996,0.04727992058872478
2021-04-16,TCS.NS,-0.009624753295501776,0.037655167293223005
2021-04-19,TCS.NS,-0.00030616558233017774,0.037349001710892824
2021-04-20,TCS.NS,-0.0034721815997708553,0.03387682011112197
2021-03-16,TECHM.NS,0.00022413741162734355,0.00022413741162734355
2021-03-17,TECHM.NS,5.0318242310385015e-05,0.00027445565393772857
2021-03-18,TECHM.NS,-0.018104126457487376,-0.017829670803549646
2021-03-19,TECHM.NS,-0.013877388376761807,-0.031707059180311456
2021-03-22,TECHM.NS,0.023983613448652522,-0.007723445731658934
2021-03-23,TECHM.NS,-0.002864617822331476,-0.01058806355399041
2021-03-24,TECHM.NS,-0.012424904525277952,-0.023012968079268364
2021-03-25,TECHM.NS,-0.016043688470935562,-0.039056656550203926
2021-03-26,TECHM.NS,0.015709119866210954,-0.023347536683992972
2021-03-29,TECHM.NS,-0.0003542228892412507,-0.023701759573234223
2021-03-30,TECHM.NS,0.013263435713719412,-0.010438323859514811
2021-03-31,TECHM.NS,-0.020166615050310782,-0.030604938909825595
2021-04-01,TECHM.NS,-0.005974253154313305,-0.0365791920641389
2021-04-02,TECHM.NS,-0.0003542228892412507,-0.03693341495338015
2021-04-05,TECHM.NS,0.013459119255262464,-0.023474295698117688
2021-04-06,TECHM.NS,-0.008388907449222584,-0.03186320314734027
2021-04-07,TECHM.NS,0.005867344969986938,-0.025995858177353334
2021-04-08,TECHM.NS,0.023884287254989575,-0.0021115709223637584
2021-04-09,TECHM.NS,0.024089383487042017,0.02197781256467826
2021-04-12,TECHM.NS,0.006112878766929793,0.02809069133160805
2021-04-13,TECHM.NS,-0.044708703564679354,-0.016618012233071303
2021-04-14,TECHM.NS,-0.0003542228892412507,-0.016972235122312555
2021-04-15,TECHM.NS,-0.011865487825190996,-0.02883772294750355
2021-04-16,TECHM.NS,0.015447022595053641,-0.01339070035244991
2021-04-19,TECHM.NS,-0.0010624024461179295,-0.01445310279856784
2021-04-20,TECHM.NS,-0.014864629635099321,-0.02931773243366716
2021-03-16,TITAN.NS,0.007867873041274842,0.007867873041274842
2021-03-17,TITAN.NS,-0.0072124225642799,0.0006554504769949419
2021-03-18,TITAN.NS,0.0075558572386277365,0.008211307715622678
2021-03-19,TITAN.NS,-0.011863575274737675,-0.0036522675591149963
2021-03-22,TITAN.NS,-0.002152966766957083,-0.005805234326072079
2021-03-23,TITAN.NS,0.02008841249239055,0.01428317816631847
2021-03-24,TITAN.NS,0.011621532891871175,0.025904711058189644
2021-03-25,TITAN.NS,-0.01110315568972376,0.014801555368465884
2021-03-26,TITAN.NS,0.027265004260747502,0.042066559629213386
2021-03-29,TITAN.NS,0.0009245320113890758,0.04299109164060246
2021-03-30,TITAN.NS,0.011469913969186288,0.054461005609788754
2021-03-31,TITAN.NS,0.013666330606255637,0.06812733621604439
2021-04-01,TITAN.NS,-0.008507838715686767,0.059619497500357624
2021-04-02,TITAN.NS,0.0009245320113890758,0.0605440295117467
2021-04-05,TITAN.NS,-0.001449310778760744,0.059094718732985954
2021-04-06,TITAN.NS,-0.007961017825330817,0.051133700907655136
2021-04-07,TITAN.NS,-0.014469058735946233,0.0366646421717089
2021-04-08,TITAN.NS,0.03483918393364041,0.0715038261053493
2021-04-09,TITAN.NS,0.01626440739986139,0.0877682335052107
2021-04-12,TITAN.NS,-0.020768433698840356,0.06699979980637033
2021-04-13,TITAN.NS,0.0026113188483977423,0.06961111865476807
2021-04-14,TITAN.NS,0.0009245320113890758,0.07053565066615715
2021-04-15,TITAN.NS,0.0015781826205053893,0.07211383328666254
2021-04-16,TITAN.NS,0.00558465475888194,0.07769848804554448
2021-04-19,TITAN.NS,-0.0035439017207835703,0.07415458632476091
2021-04-20,TITAN.NS,0.00746591370662515,0.08162050003138606
2021-03-16,ULTRACEMCO.NS,0.012253987139975645,0.012253987139975645
2021-03-17,ULTRACEMCO.NS,-0.0036889435540487393,0.008565043585926906
2021-03-18,ULTRACEMCO.NS,0.010965585935472304,0.01953062952139921
2021-03-19,ULTRACEMCO.NS,0.0077242453201550355,0.027254874841554245
2021-03-22,ULTRACEMCO.NS,0.007782551144250755,0.035037425985805
2021-03-23,ULTRACEMCO.NS,0.023157517331476175,0.05819494331728117
2021-03-24,ULTRACEMCO.NS,0.00937240993299079,0.06756735325027197
2021-03-25,ULTRACEMCO.NS,-0.010486908283158354,0.05708044496711361
2021-03-26,ULTRACEMCO.NS,-0.006522771725891382,0.050557673241222234
2021-03-29,ULTRACEMCO.NS,-0.0012103261212321145,0.04934734711999012
2021-03-30,ULTRACEMCO.NS,-0.02209223332533654,0.027255113794653583
2021-03-31,ULTRACEMCO.NS,0.004610582844745435,0.03186569663939902
2021-04-01,ULTRACEMCO.NS,0.007677471733663645,0.03954316837306267
2021-04-02,ULTRACEMCO.NS,-0.0012103261212321145,0.038332842251830555
2021-04-05,ULTRACEMCO.NS,0.002890817892474671,0.04122366014430523
2021-04-06,ULTRACEMCO.NS,-0.013788890668124387,0.027434769476180842
2021-04-07,ULTRACEMCO.NS,-0.009052355298554575,0.018382414177626268
2021-04-08,ULTRACEMCO.NS,0.025015089346245602,0.043397503523871866
2021-04-09,ULTRACEMCO.NS,-0.019060773681636993,0.024336729842234874
2021-04-12,ULTRACEMCO.NS,-0.0044157341417783574,0.019920995700456516
2021-04-13,ULTRACEMCO.NS,-0.0032864278187209536,0.016634567881735562
2021-04-14,ULTRACEMCO.NS,-0.0012103261212321145,0.015424241760503448
2021-04-15,ULTRACEMCO.NS,-0.017610791252035206,-0.0021865494915317574
2021-04-16,ULTRACEMCO.NS,0.02226469780055164,0.020078148309019883
2021-04-19,ULTRACEMCO.NS,-0.010332024226572072,0.00974612408244781
2021-04-20,ULTRACEMCO.NS,-0.04440904179289337,-0.034662917710445565
2021-03-16,UPL.NS,-0.004669549199801829,-0.004669549199801829
2021-03-17,UPL.NS,-0.016663112183002565,-0.021332661382804395
2021-03-18,UPL.NS,-0.012326929037603974,-0.03365959042040837
2021-03-19,UPL.NS,0.031355523113874066,-0.002304067306534305
2021-03-22,UPL.NS,0.0011309861938152256,-0.0011730811127190792
2021-03-23,UPL.NS,0.002935234093158167,0.001762152980439088
2021-03-24,UPL.NS,-0.036193867170869226,-0.03443171419043014
2021-03-25,UPL.NS,-0.01958567609883335,-0.05401739028926349
2021-03-26,UPL.NS,-0.025360174944148845,-0.07937756523341233
2021-03-29,UPL.NS,-0.003365680737641555,-0.08274324597105388
2021-03-30,UPL.NS,0.05836442985191777,-0.024378816119136115
2021-03-31,UPL.NS,0.022359688176319416,-0.0020191279428166987
2021-04-01,UPL.NS,0.010395005931107745,0.008375877988291047
2021-04-02,UPL.NS,-0.003365680737641555,0.005010197250649492
2021-04-05,UPL.NS,-0.008972534868585756,-0.0039623376179362645
2021-04-06,UPL.NS,0.018588660559541968,0.014626322941605704
2021-04-07,UPL.NS,-0.01722099618228148,-0.0025946732406757766
2021-04-08,UPL.NS,-0.009081577359956187,-0.011676250600631963
2021-04-09,UPL.NS,-0.028367898523302477,-0.04004414912393444
2021-04-12,UPL.NS,-0.06429419581585057,-0.104338344939785
2021-04-13,UPL.NS,0.016907547668356223,-0.08743079727142877
2021-04-14,UPL.NS,-0.003365680737641555,-0.09079647800907033
2021-04-15,UPL.NS,-0.0007590895137836806,-0.09155556752285401
2021-04-16,UPL.NS,0.0029391939434114016,-0.08861637357944262
2021-04-19,UPL.NS,-0.02048293846332202,-0.10909931204276463
2021-04-20,UPL.NS,-0.011339350673186638,-0.12043866271595127
2021-03-16,WIPRO.NS,0.006215806292009782,0.006215806292009782
2021-03-17,WIPRO.NS,-0.014533054504145307,-0.008317248212135525
2021-03-18,WIPRO.NS,-0.015934171790952304,-0.02425142000308783
2021-03-19,WIPRO.NS,-0.010634775323507782,-0.03488619532659561
2021-03-22,WIPRO.NS,0.008308364949618407,-0.026577830376977207
2021-03-23,WIPRO.NS,-0.003235006147721686,-0.02981283652469889
2021-03-24,WIPRO.NS,0.0014144261046770221,-0.02839841042002187
2021-03-25,WIPRO.NS,-0.017650539957164833,-0.046048950377186704
2021-03-26,WIPRO.NS,-0.0008683844037209367,-0.04691733478090764
2021-03-29,WIPRO.NS,-0.0016664926625914692,-0.04858382744349911
2021-03-30,WIPRO.NS,0.015094619621349784,-0.03348920782214933
2021-03-31,WIPRO.NS,-0.003077428689934555,-0.03656663651208388
2021-04-01,WIPRO.NS,-0.005487523503736904,-0.04205416001582078
2021-04-02,WIPRO.NS,-0.0016664926625914692,-0.04372065267841225
2021-04-05,WIPRO.NS,0.0318622680340904,-0.011858384644321845
2021-04-06,WIPRO.NS,-8.820582134647006e-05,-0.011946590465668316
2021-04-07,WIPRO.NS,0.01631426966904801,0.004367679203379694
2021-04-08,WIPRO.NS,0.004800134261680089,0.009167813465059783
2021-04-09,WIPRO.NS,0.01829414176178754,0.027461955226847322
2021-04-12,WIPRO.NS,-0.013523232618135813,0.013938722608711509
2021-04-13,WIPRO.NS,-0.0441364868899349,-0.03019776428122339
2021-04-14,WIPRO.NS,-0.0016664926625914692,-0.03186425694381486
2021-04-15,WIPRO.NS,0.021919614573337833,-0.009944642370477028
2021-04-16,WIPRO.NS,0.08202363950545932,0.0720789971349823
2021-04-19,WIPRO.NS,0.0196571584662937,0.09173615560127599
2021-04-20,WIPRO.NS,-0.0038862185126899776,0.08784993708858602
